best_epoch,best_test_loss,final_train_loss,final_test_loss,final_accuracy_train,final_accuracy_test,num_epochs,early_stopping,out_channels1,out_channels2,out_channels3,h1,h2,batch_size
7,0.8270827624946833,0.2992512538433075,0.9760647919028996,0.8933125,0.7260742,12,True,128,128,128,512,256,128
7,0.83102081692408,0.3173909203112125,0.9062212185254171,0.8876875,0.7405754,12,True,128,256,128,512,128,64
7,0.836124898865819,0.2883561598062515,0.9487238693982364,0.89825,0.72558594,12,True,128,256,128,512,128,128
9,0.8364857584238052,0.2964942179918289,0.97985159419477,0.89,0.72631836,14,True,128,128,256,256,512,128
9,0.8369042144881355,0.234701341792941,1.0349261897896964,0.917625,0.71552575,14,True,128,256,256,512,256,64
8,0.8408723883330822,0.2535864490866661,1.0415776763111353,0.908625,0.71435547,13,True,64,128,128,512,256,128
7,0.841416347771883,0.3182331945896148,1.0724069345742464,0.8890625,0.71313477,12,True,64,256,256,512,128,128
10,0.8469765018671751,0.2722207274436951,1.0640045553445816,0.901875,0.71362305,15,True,128,256,512,512,128,128
8,0.8471368534564971,0.3101453561484814,1.1264694776535034,0.8908125,0.70774996,13,True,32,128,128,256,256,32
8,0.8472716528922319,0.2740897041559219,1.0989820696413517,0.9011875,0.7150879,13,True,128,256,256,512,256,128
9,0.8504192545300439,0.2626326517760753,1.0146459648533472,0.9081875,0.71899796,14,True,128,128,256,512,128,64
8,0.8512720353901386,0.2768231080770492,0.9723799154162408,0.903125,0.72802734,13,True,128,128,128,512,128,128
6,0.8516874331980944,0.3394145257472992,1.0254582203924656,0.87874997,0.7067871,11,True,128,128,128,512,512,128
7,0.8547283131629229,0.2784628283977508,0.9696500338613988,0.902,0.7194824,12,True,64,256,128,512,128,128
7,0.8548643570393324,0.2792465991973877,0.992070373147726,0.9015,0.71850586,12,True,32,256,128,256,128,128
7,0.855917789041996,0.2800229762792587,0.9557454735040664,0.901,0.7282715,12,True,64,256,128,512,256,128
7,0.8582626730203629,0.2765988043546676,1.028286686167121,0.9026875,0.7211914,12,True,64,256,128,512,512,128
9,0.8590160012245178,0.2623700042366981,1.0422874707728624,0.90475,0.7180176,14,True,128,64,128,512,256,128
9,0.8598032404506017,0.2400335074961185,1.057376740943818,0.9154375,0.7291666,14,True,128,256,128,512,512,64
9,0.8606221675872803,0.2625095194578171,1.1270303409546614,0.9075,0.7062988,14,True,128,256,256,256,128,128
9,0.8613428566604853,0.2448850453495979,1.073501566424966,0.9105625,0.7192383,14,True,128,128,256,512,256,128
8,0.8616295978426933,0.3738758273124695,0.9930649809539318,0.86775,0.71777344,13,True,128,64,512,512,512,128
6,0.8633272288337587,0.3332171601653099,1.0127815358222476,0.881875,0.71552575,11,True,128,256,128,512,256,64
6,0.863416210053459,0.3691477477252483,0.9551495152806478,0.871875,0.7199901,11,True,128,256,256,512,128,64
7,0.8637269243361458,0.3404461426138878,0.9972489012612236,0.877375,0.71031743,12,True,64,64,128,512,128,64
11,0.8641171815395355,0.2323015027083456,1.0004385530948638,0.92,0.73025,16,True,64,256,512,512,256,32
7,0.8642995669728234,0.3409354675710201,0.985725053719112,0.880875,0.7279266,12,True,64,128,256,512,512,64
7,0.8646256122738123,0.3523053373098373,0.9727075528353452,0.876375,0.7211914,12,True,64,128,256,256,512,128
6,0.8651941251009703,0.3938884246349334,0.9407380931079388,0.858375,0.7163086,11,True,64,128,256,256,256,128
7,0.8657546285539865,0.3234553394317627,0.96847752481699,0.8863125,0.7294922,12,True,128,128,128,256,128,128
6,0.8659441564232111,0.3191188859939575,0.976861633360386,0.885875,0.71191406,11,True,64,128,128,512,512,128
9,0.865950521081686,0.283358996629715,1.0497692711651323,0.901,0.7175293,14,True,64,256,512,512,128,128
9,0.8668038547039032,0.2778630669116974,0.9729867279529572,0.903625,0.7270508,14,True,64,64,256,512,128,128
8,0.866923967997233,0.2937404132485389,0.9528957406679788,0.896,0.72619045,13,True,64,256,128,256,256,64
8,0.867914218455553,0.2454053423404693,0.9647969510406256,0.9116875,0.7434082,13,True,128,256,128,512,256,128
9,0.8680442087352276,0.2774449484348297,1.0813280623406172,0.9004375,0.7109375,14,True,128,64,256,512,512,128
6,0.868408895674206,0.4237685002088546,0.9367379716464452,0.8484375,0.71552575,11,True,128,64,128,256,128,64
7,0.8686394984759982,0.3742563331723213,0.9887199889099788,0.865375,0.7150297,12,True,128,64,128,256,256,64
8,0.8686571400612593,0.2991143680810928,1.0642123129218817,0.88975,0.7224121,13,True,128,128,256,512,512,128
9,0.8688296827058943,0.2492779077291488,1.0449950742343117,0.9129375,0.7274306,14,True,64,256,256,512,128,64
10,0.8693440202623606,0.2294740105867385,1.0306891072541475,0.9185625,0.73217773,15,True,64,128,256,256,128,128
8,0.8694430645555258,0.3229014393091202,0.9588539637625216,0.88743746,0.7336426,13,True,128,128,256,256,128,128
9,0.8694932574317569,0.3120852489173412,0.9711091116307272,0.8895,0.73338294,14,True,128,128,256,256,128,64
7,0.8697812464088202,0.3008286370038986,0.9713240191340446,0.89524996,0.7241211,12,True,64,128,128,512,128,128
7,0.8699911218136549,0.3446566604375839,1.0141272507607937,0.877375,0.7150879,12,True,64,64,256,512,256,128
7,0.870017247274518,0.3170624344348907,0.9339122734963894,0.8888125,0.7270508,12,True,64,128,256,512,128,128
8,0.8703677001453581,0.3045476490855217,1.0412805392628623,0.893,0.7254464,13,True,64,64,128,512,256,64
8,0.8704356160014868,0.2799528255462646,1.063123943284154,0.898625,0.7207031,13,True,64,128,256,512,256,128
8,0.8704455674640716,0.275450967669487,1.0114099402276298,0.9009375,0.71899796,13,True,64,256,128,256,128,64
7,0.8704866655170918,0.3330701031684875,0.987323323264718,0.879125,0.7167969,12,True,64,256,256,256,128,128
9,0.871080555140026,0.3052715793550014,1.1131318476465013,0.8941875,0.71428573,14,True,64,256,512,256,128,64
12,0.871178200468421,0.2209589300751686,1.0589197129011154,0.9211875,0.72314453,17,True,64,256,512,512,256,128
6,0.8712229539477636,0.364021527916193,0.948773043496268,0.87224996,0.72271824,11,True,64,128,128,512,512,64
8,0.8713117383775257,0.3267591763138771,1.0090413349015372,0.8848125,0.72470236,13,True,32,256,512,256,128,64
7,0.8717042534124284,0.3215746287703514,0.9290734775482662,0.88675,0.7361111,12,True,128,128,128,512,128,64
6,0.8722954326205783,0.358847929239273,0.95635805148927,0.87175,0.7165178,11,True,128,128,128,512,256,64
9,0.872447247505188,0.3309925845488906,1.111152455329895,0.8850625,0.70825,14,True,128,256,512,512,512,32
10,0.8729679472744465,0.2520452374815941,1.0680076014250517,0.911125,0.7285156,15,True,128,128,512,512,128,128
8,0.8738515632493156,0.3509130084812641,0.9647348059548272,0.871875,0.71205354,13,True,64,128,128,128,256,64
8,0.8738587591797113,0.2759671474099159,0.9138823859393596,0.9008125,0.7380371,13,True,128,256,256,512,128,128
10,0.8742983397983369,0.2586773310303688,1.0014311425269595,0.909125,0.72842264,15,True,128,256,512,512,512,64
12,0.8743099825722831,0.2123354228138923,1.132277933378068,0.925875,0.72991073,17,True,128,256,512,512,256,64
8,0.874611858278513,0.3659572048187255,1.0414411015808582,0.86825,0.71069336,13,True,128,256,512,256,256,128
7,0.8746624514460564,0.3365132220983505,0.9983416851609944,0.878625,0.71972656,12,True,64,256,256,256,256,128
7,0.8746847547590733,0.3180534577369689,0.9207324627786876,0.8890625,0.72314453,12,True,128,256,128,256,128,128
8,0.874789897352457,0.3120845255851746,1.051691584289074,0.8893125,0.7036133,13,True,32,64,128,256,256,128
7,0.8748717494308949,0.294525603890419,0.975224981084466,0.8951875,0.71606445,12,True,32,128,128,256,256,128
10,0.8748936989307403,0.2673453064076602,1.0035000679492951,0.9093125,0.72274995,15,True,128,256,512,512,256,32
8,0.8751547365188599,0.3218014416322112,0.9856664533615112,0.8888125,0.717,13,True,128,64,128,512,512,32
7,0.875321816830408,0.3564268451929092,0.9737853351093474,0.87425,0.7100694,12,True,64,128,256,256,512,64
6,0.8754009027034044,0.3529282640218735,0.9638001192361116,0.8746875,0.72314453,11,True,64,256,128,256,128,128
9,0.8767588114927686,0.2458342404663562,1.0344807382613894,0.913625,0.71875,14,True,64,128,128,512,256,64
8,0.8767970446497202,0.3692219618558883,0.9814326167106628,0.8705625,0.7233887,13,True,128,128,512,256,512,128
7,0.8767999392002821,0.3513741685152053,0.9395440388470888,0.87575,0.72143555,12,True,128,64,128,512,128,128
10,0.87686562910676,0.2201872895359993,1.1432814579457045,0.9231875,0.71435547,15,True,64,64,128,512,512,128
7,0.8768956519308544,0.3488960136771202,1.0481813332391163,0.87575,0.6979166,12,True,128,64,128,512,512,64
8,0.8769130195890155,0.293213720858097,1.0058716478801908,0.896875,0.72767854,13,True,64,128,128,256,512,64
8,0.8770887311547995,0.2872232954502106,0.9887186661362648,0.8940625,0.7282715,13,True,128,256,256,256,256,128
11,0.8772127386182547,0.2474792957305908,1.0314356964081526,0.9135625,0.7126465,16,True,128,64,128,256,128,128
7,0.8772881910914466,0.3331358995437622,0.948749513853164,0.8844375,0.72296625,12,True,64,128,128,256,128,64
8,0.8773618098348379,0.2462017927765846,1.032884456217289,0.90925,0.72802734,13,True,64,256,256,512,256,128
7,0.8777875415980816,0.4001174041032791,0.9988201446831226,0.85856247,0.7001953,12,True,128,64,128,128,256,128
6,0.8781342003494501,0.3505451052188873,0.9400027599185704,0.875125,0.7114258,11,True,32,256,256,512,256,128
8,0.8783175765521942,0.3094363776445389,1.0282875337297954,0.8914375,0.71428573,13,True,128,128,128,256,512,64
8,0.8783595968806555,0.3941353284120559,0.930317345119658,0.86225,0.7172619,13,True,128,256,512,256,512,64
8,0.8784554936885833,0.2865830118581652,1.0824107072353364,0.90337497,0.71575,13,True,32,256,256,512,512,32
8,0.8785032983869314,0.3274886071681976,1.0569062680006027,0.8825,0.7043457,13,True,128,64,256,512,128,128
6,0.8786805216223001,0.3427919090986251,1.0093148611485958,0.87593746,0.72314453,11,True,64,256,128,256,512,128
7,0.878985658288002,0.2971421046853065,1.0426638908684254,0.89156246,0.7175293,12,True,32,256,256,512,512,128
10,0.8790884781628847,0.1997280374169349,1.159866189584136,0.928,0.72680664,15,True,128,256,128,256,512,128
7,0.8791127933396233,0.2856054608523846,1.0554595154429238,0.898625,0.7185019,12,True,32,256,128,512,256,64
8,0.8793752323836088,0.3348831130266189,0.929547682404518,0.8788125,0.7199707,13,True,128,64,256,256,128,128
8,0.8795463386036101,0.3384344455897808,1.0201194939159213,0.8794375,0.72147816,13,True,64,256,128,128,128,64
8,0.879575927106161,0.3102761646211147,0.9581254739609976,0.8905625,0.72842264,13,True,64,256,256,256,128,64
5,0.8798059485852718,0.3538905234336853,0.9234714452177286,0.87224996,0.7150879,10,True,32,256,128,512,256,128
6,0.8798565185070037,0.3949996837228536,0.97610706114769,0.8574375,0.71075,11,True,64,256,128,256,512,32
8,0.8800672721117735,0.2776410408020019,0.9958635400980712,0.9004375,0.7253418,13,True,128,256,128,256,256,128
5,0.8801184315234423,0.3982262761592865,0.8843215443193913,0.8585,0.72143555,10,True,64,256,128,256,256,128
10,0.8802151214331388,0.2215272470116615,1.0872431173920631,0.9184375,0.72436523,15,True,128,128,256,512,128,128
10,0.8802275601774454,0.2238194037079811,1.08883585780859,0.9190625,0.73657227,15,True,128,256,256,512,512,128
9,0.8805630337446928,0.2548201689720153,1.029482265934348,0.912875,0.717041,14,True,64,128,128,256,128,128
9,0.8806492033458891,0.270510363548994,1.084350069363912,0.9026875,0.71626985,14,True,64,128,256,512,128,64
7,0.8806843888014555,0.3949833559989929,0.9640425257384776,0.85706246,0.7141113,12,True,128,256,256,128,128,128
8,0.8806928292153373,0.3296958620548248,1.0507366392347548,0.8839375,0.7167659,13,True,64,256,512,512,128,64
11,0.8807234295776912,0.2318766701221466,1.05624834034178,0.918,0.72842264,16,True,128,256,128,128,128,64
11,0.8807361365556717,0.2053997244108468,1.1796382961273193,0.929875,0.71725,16,True,128,256,512,512,128,32
9,0.8810641273619637,0.3281393209099769,0.9552671313285828,0.8845,0.7249504,14,True,128,64,256,256,128,64
6,0.8814590442925692,0.4056355464458465,0.9682685602456332,0.855,0.71240234,11,True,32,64,128,512,128,128
10,0.8819578234106302,0.2513035427331924,1.0615341626107693,0.9084375,0.7258301,15,True,128,64,128,512,512,128
9,0.882028357377128,0.3113041481673717,1.030392703555879,0.8905625,0.7199901,14,True,128,128,512,512,512,64
8,0.8826058847563607,0.2657793942093849,1.0537279484763975,0.905,0.70907736,13,True,64,256,128,512,128,64
8,0.8830625268201979,0.2903686591982841,1.0081368221176996,0.899125,0.7224702,13,True,128,128,128,256,256,64
7,0.8834358108422112,0.3345380830168724,1.033296964944355,0.881375,0.7237103,12,True,128,64,128,512,256,64
10,0.8836964312940836,0.195425105035305,1.1068080198019743,0.931875,0.71728516,15,True,32,128,128,512,128,128
7,0.8839668687433004,0.3997772827148437,1.0069994516670704,0.856375,0.7050781,12,True,32,64,512,512,256,128
7,0.8839755339622497,0.3029215012490749,1.020855233669281,0.893125,0.72274995,12,True,32,256,128,512,128,32
9,0.8840105105191469,0.3431366987228393,1.0169850140810013,0.88125,0.7026367,14,True,128,256,512,128,256,128
8,0.8840919959545136,0.3616927389279007,0.9785360260009766,0.87325,0.7165,13,True,128,256,256,256,128,32
7,0.8841163478791714,0.3299778697490692,1.0104042831808329,0.8825,0.7097168,12,True,64,256,256,512,512,128
8,0.8843098188203479,0.2792818076312542,1.0645988583564758,0.9,0.7152778,13,True,32,128,256,512,128,64
7,0.8843473683273981,0.3433827614188194,1.0253156527640328,0.874875,0.72271824,12,True,128,128,256,512,512,64
6,0.8844401126816159,0.3328508086502552,0.9689876616947236,0.8814375,0.7180059,11,True,64,256,128,512,256,64
7,0.8849083087444305,0.3836088534146547,0.9897879152297974,0.8650625,0.70799994,12,True,128,128,128,256,128,32
7,0.8849160444168818,0.428195963025093,0.9524038344148604,0.852625,0.7118056,12,True,128,256,512,256,256,64
9,0.8850232741189381,0.301359398856759,1.0043779706198073,0.89524996,0.71205354,14,True,32,128,512,512,512,64
6,0.8850410748273134,0.404031525850296,0.9333851393312216,0.8564375,0.7133789,11,True,128,64,128,256,256,128
8,0.8850691877305508,0.3438432619571686,1.0034253913909197,0.8796875,0.71850586,13,True,128,256,128,128,128,128
7,0.8851875937174237,0.372962542951107,1.0288098880222865,0.86856246,0.72271824,12,True,128,256,128,128,256,64
7,0.8855476587537735,0.3110972937941551,1.010729304381779,0.887875,0.7222222,12,True,32,128,128,512,512,64
7,0.8855498792633177,0.3537115569710731,0.9312830742389436,0.8723125,0.72271824,12,True,128,128,256,512,256,64
10,0.8855758044454787,0.2101510058194398,1.1533976935205006,0.92625,0.7254464,15,True,64,256,128,512,512,64
7,0.8856384954452514,0.3346383899673819,1.022357854127884,0.881875,0.71325,12,True,64,256,128,512,128,32
6,0.8856561295688152,0.3788237872123718,0.9750246312469244,0.864625,0.71875,11,True,64,128,256,512,512,128
8,0.8857213334431724,0.3201942959725857,0.9839716780753364,0.8871875,0.7249504,13,True,128,64,256,512,256,64
9,0.8858548409938812,0.2947101163566112,1.084404195547104,0.89925,0.7025,14,True,32,256,512,512,256,32
8,0.8863798053491683,0.3632087234258652,0.9543402109827314,0.87,0.72643846,13,True,128,128,512,512,256,64
6,0.8863846233912877,0.3677066839337349,0.9825986169633412,0.868625,0.7113095,11,True,64,128,128,256,256,64
7,0.8866045465545048,0.438467013001442,0.9753957986831664,0.8465625,0.6974206,12,True,128,64,512,256,128,64
10,0.8866322971880436,0.2956775444746017,0.9976599998772144,0.89437497,0.72509766,15,True,128,128,128,128,128,128
9,0.8867421876639128,0.3784034211635589,1.0859962832182646,0.869875,0.69628906,14,True,128,64,512,256,256,128
9,0.8867522336187816,0.3038144764602184,1.0011893737883797,0.8930625,0.72271824,14,True,64,128,512,512,128,64
8,0.8867939105109562,0.253348919481039,1.0577898219464317,0.91087496,0.71775794,13,True,32,256,256,512,128,64
6,0.886991485953331,0.3909962604045868,0.9191355798393488,0.8615,0.7163086,11,True,128,128,256,256,256,128
6,0.8872304918274047,0.4078684697747231,0.962301058428628,0.854625,0.7185019,11,True,64,128,256,256,128,64
9,0.8876944873481989,0.3056576424837112,0.9822681825608016,0.892,0.7182617,14,True,128,64,512,512,128,128
8,0.8880492410962544,0.3606311804354191,0.985044285891548,0.8735625,0.7199901,13,True,64,128,512,256,128,64
8,0.8881989123821259,0.2838843812048435,1.0326967217922212,0.89925,0.71424997,13,True,128,128,128,512,256,32
8,0.8885677512735128,0.380032330751419,1.0033352971076963,0.86487496,0.70288086,13,True,128,64,128,128,128,128
6,0.8886685371398926,0.3762298709154129,1.0047169253230095,0.866,0.71777344,11,True,64,128,128,256,512,128
11,0.8887024020391797,0.2533901827484369,1.0778716641759116,0.913125,0.7256944,16,True,128,128,512,256,256,64
11,0.8888657069395459,0.2389156543314456,1.0921070462181457,0.9145,0.72470236,16,True,128,256,512,512,128,64
9,0.8888697531074286,0.3628576354980469,1.0135926622897389,0.8708125,0.72265625,14,True,128,256,512,128,512,128
9,0.8895302731543779,0.2261449745297432,1.065238242968917,0.91975,0.7258301,14,True,32,128,256,512,512,128
8,0.8895436339080334,0.3045740388631821,1.048693310469389,0.8895,0.70703125,13,True,128,64,256,512,256,128
11,0.8896401411011106,0.289255158752203,1.045830638635726,0.9003125,0.7061012,16,True,128,128,512,256,512,64
6,0.8898138757795095,0.3332677118778229,1.0337445959448814,0.88175,0.6989746,11,True,32,256,128,512,128,128
7,0.8899904303252697,0.3027079720497131,0.999938566237688,0.891,0.72387695,12,True,128,256,128,512,512,128
7,0.890009444206953,0.2897156548500061,1.1329112816601992,0.8973125,0.7023926,12,True,32,256,128,256,512,128
7,0.8901125602424145,0.3672622201442718,0.9192654341459274,0.868375,0.72875977,12,True,128,64,256,256,256,128
8,0.8902955893427134,0.2630673899650573,1.0874503422528503,0.9071875,0.70825195,13,True,32,128,128,512,256,128
8,0.8905834313482046,0.4242332187891006,1.06828866712749,0.846125,0.69873047,13,True,128,64,512,256,128,128
10,0.8906102700838967,0.3099195398390293,1.0847232351227412,0.889625,0.71626985,15,True,128,256,256,128,512,64
8,0.8906215541064739,0.3181595460176468,0.9860666170716286,0.88774997,0.71899414,13,True,64,256,128,128,512,128
8,0.8906974016673981,0.3829113748073577,0.9777255663796076,0.86487496,0.7115575,13,True,128,256,512,256,128,64
10,0.8911118166787284,0.2875139235556125,0.9967755173879956,0.897,0.72470236,15,True,128,128,256,128,128,64
10,0.8912446267604828,0.2294784124977886,1.0918847162723542,0.9171875,0.718,15,True,64,256,128,512,512,32
10,0.8913464806973934,0.2696978638172149,1.049801219254732,0.9028125,0.7180176,15,True,128,128,128,128,256,128
8,0.8914361074566841,0.3318565187454224,1.042979238554835,0.87874997,0.68969727,13,True,64,64,256,512,512,128
9,0.8915393040293739,0.3447813574075699,0.9704313599874104,0.8816875,0.72296625,14,True,128,64,512,512,256,64
8,0.8916239719837904,0.3665227103233337,1.0102437902241943,0.8689375,0.704834,13,True,64,64,128,128,128,128
8,0.8921157121658325,0.3102935088872909,0.9703255724161864,0.8901875,0.720459,13,True,128,256,128,128,512,128
9,0.8923323714733123,0.2947644684650004,1.0529716527462003,0.8956875,0.72599995,14,True,64,256,256,256,128,32
10,0.892372190952301,0.2889009699225425,1.0436984977078816,0.9005,0.7398313,15,True,128,128,512,256,128,64
6,0.8926397864780728,0.4453207523226738,0.9231590387367068,0.845,0.7286706,11,True,64,256,512,512,512,64
7,0.8928059585510738,0.3941253720223903,1.0257476965586343,0.8608125,0.70262897,12,True,32,128,512,512,256,64
12,0.8928676042705774,0.2195232499241829,1.0954737644642591,0.9220625,0.7128906,17,True,128,128,512,256,128,128
7,0.89304580764165,0.3629132255017757,1.0313473088400704,0.8664375,0.7085813,12,True,32,64,128,512,256,64
7,0.8933154458091372,0.3571108005046844,0.966808019176362,0.87593746,0.7152778,12,True,64,256,512,512,256,64
8,0.8933681675365993,0.3641616967320442,0.974292845006973,0.87093747,0.71949404,13,True,64,64,512,512,128,64
7,0.8933970425277948,0.3703559838533402,0.9917952474206686,0.8698125,0.70532227,12,True,32,128,512,256,256,128
9,0.8934052588939667,0.34478245203197,1.0428838238716125,0.8809375,0.706,14,True,128,256,128,128,128,32
7,0.8934353716373443,0.3210292410925031,1.0420057497024535,0.8890625,0.71725,12,True,64,128,128,512,256,32
7,0.8934399163912213,0.3503403877019882,1.033292177177611,0.87425,0.7150297,12,True,64,256,256,256,512,64
9,0.893443486993275,0.2658948073685169,0.9716330530151488,0.9055625,0.72966266,14,True,128,128,128,256,128,64
10,0.8934724051505327,0.2288225855827331,0.9840231966227292,0.9163125,0.73828125,15,True,128,256,256,256,512,128
9,0.8936078075378661,0.292456897675991,1.080317509552789,0.8960625,0.7093254,14,True,32,64,256,512,128,64
8,0.8937312681227922,0.3184502085447311,0.9849225226789712,0.88699996,0.72216797,13,True,128,64,128,256,512,128
7,0.8938409414291382,0.3421760043501854,0.9792236845493316,0.8809375,0.717,12,True,128,128,128,512,128,32
7,0.8939315071181645,0.2830042717158794,1.0763518261531042,0.8981875,0.7100694,12,True,32,256,128,512,512,64
7,0.8940630135536194,0.3613091330975294,0.969926124572754,0.873375,0.7185,12,True,128,128,256,512,256,32
10,0.894168252036685,0.3285970685780048,1.0141360050156003,0.8851875,0.7199901,15,True,128,64,512,256,512,64
11,0.8942406101832314,0.2399152478426695,1.0707541865015786,0.9175,0.72594243,16,True,64,256,512,256,256,64
6,0.8945959553718567,0.3949093489795923,0.9365217990875244,0.860375,0.72725,11,True,128,64,128,512,256,32
10,0.8946195898056031,0.2411576801687479,1.072048946380615,0.9154375,0.72424996,15,True,128,256,128,512,128,32
8,0.8947498476694501,0.3579503570199013,0.9964218593779064,0.8715,0.72445434,13,True,128,64,512,512,512,64
11,0.8947578119853187,0.272804662078619,1.0590703960448975,0.9044375,0.7185019,16,True,64,128,512,256,256,64
10,0.894811674952507,0.2573286333084106,0.996917113661766,0.9096875,0.7368164,15,True,128,256,512,512,512,128
9,0.8951082806738596,0.2826876389086246,1.0592421964993552,0.8996875,0.7167659,14,True,128,256,256,256,128,64
10,0.8952227184772491,0.2674496029168367,1.0567993528842925,0.9094375,0.722,15,True,32,256,512,256,128,32
9,0.8953049750555129,0.3663596835136413,0.9638505899716936,0.870875,0.72767854,14,True,64,64,512,256,256,64
7,0.8953824806958437,0.3181368502378464,1.0476393438875675,0.8853125,0.70581055,12,True,32,128,256,512,256,128
9,0.8957566805183887,0.3429978222846985,0.9618385881185532,0.8785625,0.7043457,14,True,128,64,256,128,256,128
8,0.8957860507662334,0.3188301187157631,1.013154733748663,0.8873125,0.71899796,13,True,64,64,256,512,128,64
8,0.895895935240246,0.3133218225836753,1.0408209207512082,0.885875,0.7137897,13,True,128,64,256,512,128,64
10,0.8959285535812378,0.2310788778737187,1.0824246294498443,0.920375,0.73099995,15,True,64,128,128,256,128,32
9,0.8961397920336042,0.3188810403645039,0.9714043935139974,0.8851875,0.7251984,14,True,128,64,256,256,256,64
8,0.8961987154824393,0.2990942461490631,1.0302281578381856,0.8928125,0.7165178,13,True,32,64,128,512,128,64
6,0.8962681833654642,0.4266478097438812,0.92004257068038,0.848125,0.70410156,11,True,64,128,256,128,256,128
9,0.896492840051651,0.286372115150094,1.0663440792560577,0.89937496,0.72225,14,True,64,256,256,256,256,32
9,0.8965587057173252,0.3072348254919052,1.0555807258933785,0.89325,0.7163086,14,True,64,128,512,256,128,128
8,0.8966347773869833,0.3333119819164276,1.0805818447991022,0.8805625,0.69518846,13,True,64,256,128,128,256,64
7,0.8966504298150539,0.4269636554718017,0.9651537109166384,0.8505,0.72094727,12,True,128,128,512,128,256,128
6,0.8966683925144256,0.4017984203100204,0.9283886745808616,0.857,0.7237103,11,True,128,256,128,256,256,64
10,0.8970424626022577,0.2468705285191536,1.054797412827611,0.91075,0.7109375,15,True,64,64,128,512,128,128
6,0.8971224171774728,0.3647625344991684,1.04240220785141,0.8723125,0.71205354,11,True,32,256,256,512,256,64
8,0.8971325569152832,0.2925274214744567,1.0849482538700104,0.8983125,0.724,13,True,32,256,256,512,128,32
7,0.897137526422739,0.4189737966060638,1.0066755767911673,0.8491875,0.7001953,12,True,64,64,512,256,256,128
8,0.897161833524704,0.3137975505441427,1.0295179090499875,0.8921875,0.7165,13,True,32,64,128,512,128,32
6,0.897371232509613,0.3674682339429855,0.9050756692886353,0.8679375,0.72875977,11,True,128,128,128,256,256,128
9,0.8976308691501618,0.2357917255237698,1.1446859154701232,0.919,0.712,14,True,32,128,256,512,256,32
7,0.8977947433789571,0.3594098047614097,1.03829744883946,0.8725,0.7130456,12,True,32,128,256,256,256,64
10,0.8978540050604987,0.2705229093730449,1.1191735220333887,0.9055,0.7123016,15,True,128,256,256,128,256,64
9,0.8979426575085473,0.3025203368067741,1.0144299893152149,0.89156246,0.7202381,14,True,64,256,128,128,512,64
11,0.89814068749547,0.2320638970136642,1.1089324951171875,0.919125,0.72387695,16,True,64,128,512,512,128,128
9,0.8981687204837799,0.3117123462557792,1.0318984146118164,0.88981247,0.71675,14,True,128,64,128,256,128,32
13,0.8981914315372705,0.2281571877002716,1.1033303253352642,0.920875,0.7155762,18,True,128,256,512,256,128,128
7,0.8981920175552368,0.3839030969440937,1.033717200756073,0.8659375,0.69725,12,True,32,256,128,128,256,32
9,0.898356524724809,0.2804826410412788,0.997066480772836,0.9014375,0.7274306,14,True,64,128,256,256,256,64
8,0.8983714788679092,0.3520930789113045,1.0824176016308011,0.8743125,0.7001488,13,True,64,64,128,256,128,64
8,0.8983831815421581,0.3675058444738388,1.064942479133606,0.866875,0.701416,13,True,64,128,512,256,512,128
7,0.8984769377708435,0.3657853466942906,0.9592214562892912,0.8730625,0.707,12,True,128,64,128,512,128,32
7,0.8987184522151948,0.3512902919203043,1.0266889023780823,0.874,0.71025,12,True,64,128,128,256,256,32
9,0.8987199533730745,0.3043122779130935,1.020739819854498,0.894125,0.7163086,14,True,64,128,128,128,128,128
10,0.8987368438392878,0.3006658446788788,1.0868923272937536,0.8933125,0.70581055,15,True,64,64,128,128,256,128
8,0.8987653348594904,0.3506457263231277,1.0414346884936094,0.87375,0.71118164,13,True,128,128,512,512,512,128
8,0.8989791724681854,0.3289098540320992,1.005908400297165,0.884375,0.71599996,13,True,128,256,128,256,512,32
11,0.8990344221591949,0.2175196733102202,1.0920746767520904,0.92775,0.72125,16,True,128,256,256,512,128,32
8,0.8992399322986603,0.3719985280185938,1.0247224423885346,0.87,0.71449995,13,True,64,64,512,256,256,32
9,0.8994784224778414,0.3194734268188476,1.0714331325143576,0.88675,0.7055664,14,True,128,64,256,256,512,128
7,0.8995623023509979,0.3408113560378552,1.1270483860969542,0.8829375,0.70299995,12,True,32,64,256,512,128,32
7,0.8996006872653961,0.4077979525774717,0.9683907923698424,0.8568125,0.70575,12,True,128,64,128,256,256,32
7,0.8997125513851643,0.3733219275474548,0.956347793340683,0.8671875,0.70874023,12,True,128,128,512,512,256,128
9,0.8998536840081215,0.3391824910640716,1.066339684650302,0.87925,0.68847656,14,True,64,64,512,512,512,128
8,0.9002460911870003,0.3207608057260513,1.0619827769696712,0.885,0.7001953,13,True,32,128,128,128,256,128
10,0.9003568757325411,0.302090003490448,0.965598152950406,0.8908125,0.7207031,15,True,128,64,512,512,256,128
8,0.9007696602493525,0.3256073333024978,1.01214350014925,0.88406247,0.70947266,13,True,64,64,128,256,512,128
11,0.9008120392996168,0.247149793446064,1.163936474020519,0.91324997,0.7003968,16,True,64,256,256,128,512,64
10,0.9010585993528366,0.2994790106415748,0.9522642847150564,0.89481246,0.73168945,15,True,128,256,512,512,256,128
9,0.901100611448288,0.2643935829624533,1.0759820251464844,0.9076875,0.71525,14,True,128,128,128,512,512,32
11,0.9012243337929248,0.1525321233570575,1.2202844768762589,0.945625,0.7199707,16,True,32,256,128,256,256,128
6,0.9014574605971576,0.4302085127830505,1.0406911484897137,0.84975,0.6845703,11,True,64,64,256,256,128,128
8,0.901501184418088,0.3523287642598152,1.0458371336497958,0.8736875,0.71279764,13,True,64,64,128,256,512,64
11,0.9016111256584288,0.2049708162248134,1.009668779751611,0.9285625,0.72321427,16,True,128,256,128,256,128,64
11,0.901721440255642,0.2646362080574035,1.0364811606705189,0.90875,0.7175293,16,True,128,256,512,256,512,128
6,0.9017680883407592,0.4069619455337524,0.9458229430019855,0.85249996,0.7060547,11,True,64,64,128,256,128,128
6,0.9020149414501492,0.3546758310198784,0.964275320370992,0.8735,0.71775794,11,True,64,256,256,512,256,64
8,0.902092572927475,0.3183723097294569,1.1276272020339966,0.89024997,0.68974996,13,True,64,256,128,256,128,32
9,0.9023511353880168,0.3372816790342331,1.0123532079160211,0.88075,0.7180176,14,True,128,128,512,256,256,128
8,0.902382892370224,0.3432278776913881,0.9988871059417724,0.8825,0.7105,13,True,32,64,512,512,128,32
10,0.9025122486054896,0.2328226616382598,1.123536029830575,0.9168125,0.7224121,15,True,128,128,128,256,512,128
8,0.902854673564434,0.284297011256218,1.037565667182207,0.89893746,0.7248535,13,True,64,128,128,256,256,128
8,0.9030070095062256,0.3337198043242096,1.07823340010643,0.8853125,0.69925,13,True,64,128,256,256,512,32
6,0.9030223712325096,0.4040919865369797,0.9491127617657183,0.85625,0.7080078,11,True,64,64,128,256,256,128
6,0.9033830862045288,0.3797447121441364,0.9659661767482758,0.8651875,0.70799994,11,True,128,256,128,512,512,32
5,0.9034182996976944,0.4467628368139267,0.9375708405933684,0.8401875,0.71875,10,True,64,256,128,256,512,64
7,0.903484433889389,0.3172383840084076,1.057436851784587,0.886875,0.70874023,12,True,32,128,128,256,128,128
9,0.903743390083313,0.3216196541264653,1.036818417072296,0.888375,0.72175,14,True,128,64,256,128,256,32
8,0.9037714004516602,0.3558753324747085,1.0143364369869232,0.8758125,0.7067871,13,True,64,128,128,128,256,128
10,0.90377395786345,0.2364697358012199,1.06720158085227,0.918125,0.72021484,15,True,32,256,512,512,128,128
8,0.9038296744823456,0.2794040908440947,1.0491528868675233,0.9016875,0.72075,13,True,32,256,128,512,256,32
6,0.9039291199296712,0.3521554145812988,1.012740695849061,0.8731875,0.7102051,11,True,32,128,256,256,512,128
9,0.9041650351136924,0.26697740483284,1.0826959069818258,0.90631247,0.7199707,14,True,32,64,256,512,256,128
7,0.90421793051064,0.3093935090303421,1.0502555444836617,0.89112496,0.7155762,12,True,32,256,256,512,128,128
8,0.9042366875542536,0.3048705731034279,1.0344345834520128,0.8895,0.7217262,13,True,128,256,256,256,256,64
6,0.9042923951905872,0.4080469456911087,0.9568379734243664,0.8565,0.71626985,11,True,64,64,256,512,512,64
7,0.9043394100098384,0.3787513835132122,0.972625949553081,0.866125,0.7145337,12,True,32,256,512,512,256,64
7,0.904418658465147,0.3226793913841247,0.9875583313405514,0.8841875,0.7219238,12,True,64,256,256,256,512,128
9,0.9045077655464412,0.2941187920570373,1.0915689319372175,0.8965,0.70288086,14,True,64,128,512,512,256,128
9,0.9045704424381256,0.3412708672210574,1.035559958100319,0.8834375,0.712,14,True,128,256,512,256,256,32
8,0.9045742111206054,0.3952493141815066,1.0049461758136748,0.8605,0.702,13,True,128,256,256,128,512,32
10,0.9047220425000266,0.3134483555853367,1.010305901368459,0.888,0.72693455,15,True,128,128,256,128,256,64
10,0.9049657601863146,0.2891531836986541,1.1439833119511604,0.8988125,0.7038574,15,True,32,256,512,256,128,128
9,0.905314636608911,0.3606764994859695,0.9944583537086608,0.8695625,0.7093254,14,True,128,64,128,128,128,64
9,0.9055854994803668,0.3384250242710113,1.0339176524430511,0.8814375,0.7006836,14,True,64,64,512,512,256,128
7,0.9055919429612538,0.35558661621809,0.9947865822958568,0.875875,0.71428573,12,True,128,256,256,512,512,64
10,0.90563474382673,0.2711379545331001,1.1147195706291804,0.9029375,0.7224702,15,True,32,128,128,128,512,64
8,0.9057120997458696,0.3446909389495849,0.9907108973711728,0.879125,0.72094727,13,True,64,256,512,256,512,128
10,0.9057773597240448,0.2622380503639578,1.0716217684745788,0.9108125,0.72125,15,True,64,256,512,512,128,32
9,0.9059028141498564,0.2939271556995809,1.1374309597015382,0.89475,0.709,14,True,128,64,256,512,256,32
10,0.9059363884925842,0.261373252671212,1.1505593845844269,0.912375,0.724,15,True,128,128,512,512,128,32
11,0.9060066034793852,0.2328399569578468,1.127725756406784,0.9225,0.712,16,True,32,256,512,256,256,32
8,0.9060271439098176,0.3311695282459259,0.9868403550178284,0.8846875,0.7199901,13,True,128,256,256,256,512,64
7,0.9063238577237204,0.2987942893505096,0.9945816586888026,0.8911875,0.7137897,12,True,32,128,128,512,256,64
5,0.9063382935523988,0.4572922321856021,0.987547667980194,0.839625,0.7035,10,True,64,64,128,512,128,32
9,0.9065445251762868,0.3193926198482513,1.0259754788130522,0.8841875,0.7121582,14,True,128,128,128,128,512,128
7,0.9067289900779724,0.4366596099734306,1.0307783267498016,0.8420625,0.697,12,True,128,128,128,128,128,32
10,0.9067359402179718,0.2729570871591568,1.1149018530845642,0.9045,0.7105,15,True,64,256,128,128,256,32
8,0.9067638734030344,0.2689554005563259,1.0676306978104606,0.905,0.7237103,13,True,64,128,128,512,128,64
6,0.9069317243993282,0.2986880542039871,1.095780650153756,0.8910625,0.70703125,11,True,32,256,128,512,512,128
7,0.9070282966371568,0.3302666465342044,1.0262981047706,0.882125,0.7115575,12,True,32,128,128,256,128,64
6,0.907048935070634,0.4250778090953827,0.9900613147765398,0.8460625,0.71191406,11,True,32,256,512,512,256,128
11,0.9070673053264616,0.2225101120509207,1.0431555235385894,0.922875,0.73525,16,True,128,256,256,512,256,32
10,0.9070677101612092,0.2760735736005008,1.1560332424640656,0.9051875,0.7135,15,True,128,128,512,256,128,32
9,0.9070791993290186,0.3040101995468139,1.0873225759714842,0.8904375,0.70458984,14,True,64,256,512,512,512,128
6,0.9071214927567376,0.3932065394520759,0.9706304872792864,0.860375,0.71949404,11,True,64,256,256,256,256,64
8,0.9072120037078858,0.3462855829298496,1.018648776292801,0.881875,0.7185,13,True,64,64,512,512,512,32
8,0.9073733780533076,0.3155510087013244,1.026137825101614,0.8883125,0.7180176,13,True,32,128,256,256,128,128
11,0.9073789305984974,0.2899733076691627,1.0896482840180397,0.8965,0.70458984,16,True,32,64,512,256,512,128
8,0.9074892187118532,0.3418849022686481,1.0207210223674774,0.879875,0.70875,13,True,64,256,128,128,512,32
11,0.907827840089798,0.2650671051591635,1.0916631848812104,0.9091875,0.71525,16,True,64,256,512,256,128,32
7,0.9078674893530588,0.3452153288722038,0.9788452415239244,0.878375,0.7207341,12,True,64,128,256,512,256,64
6,0.9079446105957032,0.3926012224704027,0.9565354640483856,0.86375,0.72675,11,True,64,256,256,512,256,32
8,0.9080372935249692,0.3684563646912575,1.020110737709772,0.8693125,0.7100694,13,True,128,64,256,512,512,64
6,0.9080987619975256,0.3845938639938831,0.9167817339064585,0.85925,0.71775794,11,True,64,64,128,512,512,64
8,0.9081816220283508,0.4180545746386051,1.0866553282737732,0.852875,0.69525,13,True,32,64,128,128,128,32
10,0.9083927236497402,0.236525912463665,1.0912074651569128,0.91725,0.7248535,15,True,32,128,128,128,128,128
7,0.9084945207550412,0.3372625454366207,1.0705206900361983,0.8803125,0.7180059,12,True,32,256,128,256,128,64
7,0.908543860539794,0.3799901621341705,0.9949306603521108,0.86175,0.7036133,12,True,32,128,128,128,512,128
9,0.9085826723575592,0.3415724882856011,1.0172521109580994,0.881625,0.70449996,14,True,64,128,512,256,512,32
8,0.9089303631335496,0.338190378665924,1.0023983474820852,0.87975,0.7121582,13,True,64,256,256,128,128,128
9,0.9089728627204896,0.2752767914831638,1.0648087730407716,0.90075,0.71725,14,True,64,256,128,256,256,32
8,0.9092830345630646,0.29283085783571,1.0738179800510406,0.8975625,0.72249997,13,True,32,256,128,256,256,32
10,0.909284427998558,0.2869575793743134,1.084981520024557,0.8975,0.7003968,15,True,128,128,128,128,512,64
8,0.9094020412081764,0.2969460513591766,1.0072380957149325,0.8929375,0.71949404,13,True,128,128,128,512,512,64
7,0.9096387255759466,0.3592244745194912,0.9865419930881923,0.8715625,0.7113095,12,True,64,64,256,512,256,64
9,0.909667540550232,0.3132044941708445,1.0295752820968629,0.89125,0.71,14,True,128,64,512,512,512,32
8,0.9098251424729824,0.2993101280927658,1.0412232242524624,0.892125,0.7126465,13,True,32,256,128,128,128,128
6,0.9098337708957612,0.4158240434527397,0.9707664828451852,0.85381246,0.70709324,11,True,64,256,256,128,128,64
9,0.9099668652292282,0.2982611271440983,1.0571161300416976,0.8940625,0.6912202,14,True,64,256,256,128,256,64
9,0.9101447351276876,0.2740737274885177,1.1697693839669228,0.9044375,0.703125,14,True,64,256,256,128,512,128
8,0.9102309608459472,0.3574503700211644,1.0887619585990906,0.87375,0.692,13,True,64,64,128,256,256,32
7,0.9102600046566556,0.3961520088016987,0.9754484759436712,0.8605625,0.71875,12,True,64,128,512,512,512,64
9,0.9103804137557744,0.2993918681144714,1.0403351560235023,0.893875,0.7192383,14,True,128,128,256,128,512,128
8,0.9105314910411836,0.3112992327213287,1.0253517348319292,0.8905,0.71777344,13,True,32,64,256,512,128,128
9,0.9107946071624756,0.2964211208373308,1.0787721765041351,0.8963125,0.71875,14,True,128,256,256,256,512,32
11,0.9108305043644376,0.2889274525344372,1.1050949134523906,0.9005625,0.71081346,16,True,128,256,512,128,256,64
8,0.9108742775917054,0.3416937209367752,1.1358630092144013,0.8809375,0.70624995,13,True,32,64,128,256,256,32
7,0.910887114585392,0.3595401216745376,1.0068897817816054,0.870875,0.70362103,12,True,32,256,128,128,128,64
6,0.9109139516949654,0.4250106790065765,1.0192046891897917,0.8494375,0.6879883,11,True,128,256,256,128,256,128
8,0.910967051267624,0.331705660790205,1.1000131652355194,0.8885,0.71575,13,True,64,64,256,512,512,32
8,0.9110679389938476,0.3561395376324653,0.9859291475916666,0.8764375,0.71825397,13,True,128,128,128,128,128,64
6,0.9111123085021972,0.3922909885048866,0.970807747235374,0.860875,0.70560515,11,True,64,256,256,512,512,64
9,0.9112871198654174,0.2662878923565149,1.075416615962982,0.9035625,0.7085,14,True,64,128,128,512,128,32
10,0.9112883039883204,0.3575344740450382,1.0815783720167855,0.873875,0.70386904,15,True,64,64,128,128,256,64
7,0.9114548414945602,0.4019231007099151,1.039664838463068,0.853875,0.69433594,12,True,32,256,512,256,256,128
8,0.9115632706218296,0.3256876049637794,1.054395054067884,0.88425,0.7224702,13,True,128,256,128,128,512,64
10,0.9116266965866088,0.2761601033210754,1.1356691755354404,0.8981875,0.7084961,15,True,64,128,512,512,512,128
8,0.9118279163837432,0.2977961543127894,1.0309353671073913,0.8945,0.73,13,True,32,128,128,512,128,32
7,0.9119785730800932,0.3877713407874107,1.0079204279278953,0.86074996,0.6994047,12,True,32,256,256,128,128,64
8,0.9120921958237886,0.2816800552606582,1.073551271110773,0.89893746,0.70947266,13,True,32,256,128,128,256,128
10,0.9121433608233928,0.3045613899230957,1.0579028986394403,0.8916875,0.71313477,15,True,64,256,512,128,128,128
9,0.9121679980307816,0.3342174067497253,1.059881404042244,0.8796875,0.6945801,14,True,128,64,128,128,512,128
9,0.9121709241867064,0.3076631104797125,1.054410754442215,0.8904375,0.728,14,True,128,128,256,256,128,32
8,0.9123524203896524,0.3896781811714172,1.0550454277545214,0.8613125,0.701416,13,True,64,64,256,128,256,128
7,0.9124322001934052,0.3423456122130155,1.0699193170070649,0.8815,0.69925,12,True,32,128,256,512,128,32
9,0.91253462954173,0.3367425870299339,0.990251916741568,0.882375,0.7093254,14,True,64,64,256,128,512,64
6,0.9125721823601496,0.4148031839132309,1.022075066490779,0.8543125,0.70337296,11,True,64,128,128,128,128,64
9,0.9126700647175312,0.2518651946187019,1.0200485456734896,0.9118125,0.72021484,14,True,32,128,256,512,128,128
9,0.912712532043457,0.2820897489376366,1.1599038996696471,0.9050625,0.7085,14,True,32,128,256,256,128,32
8,0.9127847082614898,0.3073089615032077,1.0512124950885773,0.8918125,0.7185,13,True,128,256,128,256,256,32
10,0.9130314058727688,0.310258441478014,1.1265792279016404,0.8894375,0.7016369,15,True,128,64,128,128,256,64
9,0.9131422881036996,0.3610889108180999,0.9887900948524476,0.872375,0.7097168,14,True,64,64,512,256,512,128
9,0.91315596065824,0.2772873584330081,1.1181309213713997,0.900125,0.7068452,14,True,32,128,256,256,128,64
12,0.9132144539356232,0.1958339530564844,1.2614471616744996,0.9324375,0.7085,17,True,128,128,256,512,128,32
11,0.9132157218456268,0.2677358217015863,1.0364505934715271,0.9065,0.718,16,True,128,256,256,128,256,32
10,0.9133087177276612,0.3554824969768524,1.0149673018455505,0.87825,0.7165,15,True,64,256,512,128,256,32
9,0.9133344056114318,0.3678955696523189,1.1290259976235648,0.872125,0.68774796,14,True,64,64,512,256,128,64
11,0.9134039385318756,0.2180372263863682,1.0883319525718689,0.9258125,0.72924995,16,True,128,128,256,512,512,32
9,0.9136697843074798,0.3394368948042393,1.0270638654232025,0.88,0.71075,14,True,64,128,128,128,128,32
9,0.913770231935713,0.3903819814920425,1.0440051640783037,0.8635,0.69642854,14,True,128,64,512,128,512,64
9,0.9141937140375376,0.351758190870285,1.0246149022132158,0.874125,0.69970703,14,True,128,64,256,128,128,128
7,0.9142412633895874,0.3802150399684906,0.9498235716819764,0.8671875,0.71449995,12,True,128,128,128,256,256,32
10,0.9142608625888824,0.2814187672808766,1.057193154335022,0.9029375,0.72274995,15,True,128,128,256,256,256,32
9,0.914280055090785,0.2882895781397819,1.0192501228302715,0.895875,0.7224121,14,True,64,64,128,512,256,128
8,0.9143326263579112,0.3219813957810402,0.9981791329762292,0.889125,0.71428573,13,True,128,64,128,256,512,64
10,0.914351492174088,0.3080651669800281,1.037590779955425,0.8930625,0.71775794,15,True,128,256,512,128,512,64
9,0.9144785590469836,0.3277907048463821,1.0480836760252714,0.8853125,0.7253418,14,True,64,256,512,256,256,128
7,0.9145064183643886,0.3239192087054253,1.117968171361893,0.8839375,0.70535713,12,True,32,256,128,256,512,64
8,0.914656230381557,0.3420934934020042,1.003729622515421,0.8798125,0.71279764,13,True,64,128,256,128,512,64
8,0.914718096256256,0.3560810626894236,0.9987388172149658,0.87425,0.71375,13,True,128,64,512,512,128,32
7,0.9148160207271576,0.3754189252406358,1.0313069729804991,0.8686875,0.71375,12,True,64,128,256,256,128,32
11,0.9149761348962784,0.2006262217164039,1.17564763315022,0.9289375,0.70874023,16,True,32,256,256,128,256,128
9,0.9150305233001708,0.3171800922006368,1.0276874191761016,0.887125,0.722,14,True,64,256,512,256,512,32
6,0.9151435494422911,0.4523517293930054,0.9949955381453036,0.83687496,0.6921387,11,True,64,128,128,128,512,128
7,0.9151465050757878,0.3055835625529289,1.0552534811080447,0.8894375,0.7043651,12,True,32,256,128,256,256,64
10,0.9152228955238584,0.2813100994229316,1.0284476592427207,0.900875,0.7286706,15,True,32,64,512,512,128,64
9,0.915239365327926,0.3640136606097221,1.0386954385136802,0.8691875,0.7110615,14,True,64,128,512,128,256,64
9,0.9153771847486496,0.3403085641860962,1.0324496384710071,0.876625,0.7043457,14,True,64,64,256,128,512,128
6,0.9154863967895508,0.3786403693407774,0.9847748303413392,0.86675,0.72025,11,True,32,256,128,512,512,32
11,0.9155069048404694,0.2263114142939448,1.0750097506046294,0.923625,0.72225,16,True,128,128,512,512,512,32
12,0.9155181888490916,0.2181811208128929,1.0992681123316288,0.9218125,0.72753906,17,True,128,256,128,128,256,128
8,0.9156965670131502,0.2913705798089504,1.0161485123255896,0.8956875,0.71924603,13,True,32,256,256,512,512,64
6,0.916013116016984,0.4234489191770553,0.9722081162035464,0.8478125,0.7097168,11,True,32,128,256,128,256,128
7,0.9161005182266236,0.3559527010172605,0.95268998336792,0.875375,0.7205,12,True,64,128,256,512,128,32
10,0.9165137145519257,0.2616838617697358,1.0577888436317444,0.910625,0.72574997,15,True,64,64,256,512,128,32
8,0.9165425716884552,0.3420906747877598,1.100085126975226,0.87925,0.7068452,13,True,32,64,256,256,128,64
6,0.9167432337999344,0.4688860437870025,0.9660810083150864,0.83575,0.69799805,11,True,64,64,512,512,128,128
7,0.916748789567796,0.395738547205925,1.0838528332256137,0.86225,0.6892361,12,True,32,64,512,512,256,64
6,0.9167946113480462,0.4715106209516525,0.9857626718188088,0.83187497,0.70386904,11,True,64,128,512,512,256,64
9,0.9168037571907044,0.279777697943151,1.0926687939167024,0.900875,0.71924996,14,True,32,256,128,256,512,32
8,0.9168660148741709,0.3524889427125454,1.0053862181920854,0.8733125,0.71478176,13,True,64,64,128,256,256,64
9,0.9169668816030024,0.3151341118812561,1.0351328495889902,0.8879375,0.7128906,14,True,64,256,256,128,256,128
6,0.917044825024075,0.3369889921545982,0.9677574227726649,0.8805,0.71031743,11,True,32,256,128,512,128,64
7,0.9171019848436116,0.3450580246448517,1.0296304039657116,0.877875,0.7133789,12,True,32,256,256,128,512,128
7,0.9171349263191224,0.3861560804620385,0.9822541019916534,0.866875,0.72075,12,True,128,128,256,256,512,32
8,0.9172994418749734,0.2985460170805454,1.0332100145400516,0.8919375,0.7130456,13,True,128,64,128,512,128,64
7,0.917327749490738,0.310138893328607,1.0270205652713775,0.89325,0.714,12,True,64,256,128,512,256,32
9,0.9174915812909604,0.3890293964147567,1.0785280782729387,0.8628125,0.68896484,14,True,64,128,512,128,128,128
9,0.917516973733902,0.2522857426069677,1.0693420226573944,0.913125,0.7245,14,True,64,256,256,512,128,32
10,0.9175630647038656,0.2913037174344063,1.106582380476452,0.89625,0.7023809,15,True,32,64,128,256,512,64
8,0.9176050226688384,0.3483502392396331,1.0522925596237185,0.8796875,0.7085,13,True,64,128,256,128,512,32
7,0.917635523137592,0.4108188061118126,1.0028740564982097,0.85531247,0.7061012,12,True,64,128,128,128,512,64
9,0.9176684050332932,0.3602479916810989,1.0426423038755144,0.87125,0.69866073,14,True,64,64,128,128,128,64
9,0.9178034644573928,0.3805112521648407,1.0431343466043472,0.8638125,0.6965332,14,True,128,64,512,128,512,128
11,0.9178342036902905,0.2236380031108856,1.0643573980778456,0.923125,0.72436523,16,True,128,256,256,128,512,128
10,0.9179611129760742,0.254298934482038,1.035524199485779,0.9148125,0.73099995,15,True,64,128,512,512,128,32
5,0.9181615237205748,0.4476209356188774,0.9401646133453126,0.837875,0.7110615,10,True,128,256,128,256,512,64
8,0.9181808196008204,0.2867128863334656,1.16277295909822,0.8983125,0.71191406,13,True,32,128,128,256,512,128
5,0.9181842971593142,0.4490514794588089,0.9432780463248492,0.837875,0.70410156,10,True,64,256,128,128,256,128
8,0.9183317583704752,0.3471619454026222,0.978533319064549,0.8774375,0.7207341,13,True,64,64,256,256,512,64
6,0.9183756179279752,0.3875385518074035,0.9938434229956732,0.86225,0.70585316,11,True,32,128,128,256,256,64
8,0.9183948955535888,0.381954773157835,1.008023422241211,0.8680625,0.7165,13,True,128,64,512,256,512,32
8,0.9189128293991088,0.3639892214536667,1.0338183479309082,0.87025,0.71225,13,True,64,128,128,128,256,32
8,0.9189779317378998,0.3131601095050573,0.9852784214019776,0.891625,0.722,13,True,128,256,256,512,512,32
10,0.919009145349264,0.3014669073820114,1.0556471087038517,0.892875,0.7155762,15,True,32,64,512,512,128,128
7,0.919121925354004,0.3572385084480047,1.029714271068573,0.8734375,0.71325,12,True,32,128,512,512,128,32
8,0.919350964948535,0.3752759206295013,0.9882459584623576,0.86425,0.7080078,13,True,64,128,512,128,512,128
7,0.9197329651741756,0.3661082896888256,1.0147230483236769,0.8693125,0.70535713,12,True,32,128,128,128,256,64
6,0.9199992551803589,0.43329548124969,1.0422221956253053,0.84793746,0.7025,11,True,64,64,128,256,128,32
8,0.9200683037439982,0.3353850632309914,1.071042307785579,0.8820625,0.7137897,13,True,32,128,512,256,128,64
8,0.9201245382428168,0.3624032909870148,1.0605352446436882,0.868375,0.7128906,13,True,64,64,128,128,512,128
10,0.9206186059921508,0.3308346169292926,1.0591664787322757,0.8850625,0.70882934,15,True,64,256,512,128,128,64
10,0.920651046056596,0.2461862472295761,1.0278929973405504,0.9145,0.7199901,15,True,64,64,256,256,128,64
11,0.920802965050652,0.3132423685789108,1.095724997066316,0.88743746,0.7051091,16,True,128,64,256,128,256,64
8,0.9209091527462006,0.3216731990799308,1.0507877614498138,0.887625,0.70825,13,True,32,256,128,256,128,32
11,0.9211093094199896,0.2715001621246338,1.0638795476406813,0.9031875,0.7207031,16,True,128,128,256,128,128,128
10,0.9212988607883452,0.2580427466370165,1.0784231178760528,0.9120625,0.72075,15,True,64,128,512,512,256,32
8,0.9214235916733742,0.371642509818077,0.9769583400338888,0.868875,0.72314453,13,True,128,128,256,128,256,128
7,0.9214499800924272,0.3759504698514938,1.0272370349793207,0.86724997,0.70213294,12,True,32,256,128,128,512,64
9,0.9215354086860778,0.2668355579376221,1.1552026943554954,0.9028125,0.7172619,14,True,32,128,128,256,512,64
7,0.92164133143425,0.4250420221835375,1.075447330713272,0.853875,0.70175,12,True,64,128,128,128,512,32
9,0.9217042213394528,0.3376877875328063,0.9899152810611422,0.880375,0.7274306,14,True,128,64,512,512,128,64
6,0.9218318331986666,0.4051980179548263,0.9351718481630088,0.8546875,0.70874023,11,True,64,256,128,128,128,128
9,0.9218424057203626,0.3542077491283417,1.0038836201032002,0.877,0.71205354,14,True,128,128,512,128,512,64
6,0.922011370420456,0.4223498424440622,0.9948199837207794,0.8501875,0.69799995,11,True,128,256,128,256,128,32
9,0.9220529198646544,0.3079703717529773,1.0203791412096177,0.89425,0.7222222,14,True,128,128,512,512,128,64
10,0.9223045186390952,0.2632519598454237,1.1536112768309457,0.9084375,0.72842264,15,True,32,256,512,512,512,64
7,0.92245409822464,0.383607843786478,0.9558226726055146,0.864625,0.723,12,True,32,256,512,512,128,32
9,0.922538412734866,0.3112670716047287,1.184612350538373,0.88699996,0.6911621,14,True,32,256,512,512,512,128
8,0.922543746471405,0.3316924641877413,1.1146573781967164,0.883625,0.7105,13,True,32,128,256,256,256,32
10,0.9228571281433106,0.3083234450966119,1.098144416809082,0.89225,0.71124995,15,True,128,64,512,256,128,32
8,0.9229155853390694,0.3732219027280807,1.003984680399299,0.8699375,0.6970215,13,True,64,256,512,256,128,128
6,0.9229383268356324,0.3848013368546962,0.9847451512813568,0.8660625,0.72,11,True,32,256,256,512,256,32
8,0.9229465387761592,0.3866277329921722,1.0936975963413715,0.8615,0.68969727,13,True,128,64,256,128,512,128
9,0.9229638364315031,0.3317759382501244,1.130370540857315,0.8825625,0.6975,14,True,64,256,256,128,256,32
8,0.9234347064048052,0.3627066979408264,1.143073733896017,0.8698125,0.701416,13,True,32,256,512,256,512,128
9,0.9234365804195404,0.2988368929885328,1.0860723047256469,0.8956875,0.715,14,True,128,64,512,512,256,32
7,0.9234646782279016,0.4388749153614044,1.0294003449380398,0.8434375,0.68481445,12,True,32,256,512,128,512,128
6,0.9235664587020874,0.3855766499489546,1.0594418234825134,0.864625,0.7065,11,True,128,256,128,512,256,32
8,0.9235806625986857,0.2986979377269745,1.0791612475637409,0.8936875,0.71875,13,True,32,128,256,512,512,64
8,0.9236114119726514,0.4074134094119072,1.0201388086591447,0.854375,0.70337296,13,True,128,64,128,128,512,64
8,0.9236720614135264,0.3555941932201386,1.0107331350445747,0.8748125,0.7104492,13,True,64,64,256,256,256,128
7,0.9238248195648192,0.3774138851165771,0.9520559153556823,0.86875,0.73175,12,True,128,64,256,512,128,32
8,0.9238667259216308,0.3659925118386745,0.9981813538074492,0.872375,0.719,13,True,64,128,512,256,128,32
12,0.923944992678506,0.225488269418478,1.067744152886527,0.9209375,0.7313988,17,True,64,64,512,512,256,64
7,0.9240785092115402,0.3552430330514908,1.0350536722689867,0.872,0.70581055,12,True,32,64,128,512,512,128
8,0.9241973473912194,0.3524725150465965,1.0267172001657032,0.872625,0.7065972,13,True,32,128,128,128,128,64
9,0.9244052900208368,0.2659176549315452,1.0588598118888006,0.9055625,0.71899796,14,True,32,256,512,512,128,64
7,0.9244202246665956,0.4051208478063345,0.9904337854385376,0.8548125,0.704,12,True,128,256,256,256,256,32
11,0.9246968850493432,0.3000433012247085,1.0892980601638556,0.89437497,0.71484375,16,True,64,64,512,256,128,128
5,0.924717673778534,0.4490761615484953,1.0114146361351013,0.84187496,0.71124995,10,True,64,64,128,512,256,32
8,0.9247413650155069,0.4273867886066437,1.0399988256394863,0.846875,0.6960449,13,True,64,64,512,128,256,128
8,0.9247830491513014,0.3060408467054367,1.0463701747357843,0.889375,0.72143555,13,True,32,256,256,256,256,128
7,0.9249685208002726,0.4331558740139007,0.9646056899948726,0.85125,0.6959325,12,True,128,128,512,128,256,64
6,0.9252035953104496,0.4120619505643844,0.9804005268961192,0.85337496,0.7072754,11,True,32,64,128,256,128,128
10,0.9252638928592204,0.3314066532850265,1.0331393163651228,0.884375,0.7199707,15,True,128,128,512,128,128,128
9,0.9252969255447387,0.2784036779627204,1.119449654102325,0.9031875,0.71975,14,True,32,256,256,256,256,32
7,0.925664075613022,0.3635385391488671,0.9534470398426056,0.8735,0.728,12,True,128,128,512,512,256,32
9,0.9257194238995748,0.3368529035449028,1.0443014701207478,0.88075,0.7078373,14,True,128,64,512,256,256,64
8,0.9257462355825636,0.3927370815873146,1.083919350116972,0.8618125,0.67633927,13,True,32,64,512,256,256,64
9,0.9258193146614802,0.2709032430946826,0.9933973106126937,0.9031875,0.7165178,14,True,128,128,256,256,256,64
9,0.9262192398309708,0.3489644501209259,1.0996160618960855,0.8756875,0.6904297,14,True,32,128,512,128,256,128
6,0.9263324890136718,0.4412156422436237,0.9887644593715668,0.8453125,0.7175,11,True,64,128,256,256,256,32
9,0.9265622033013238,0.3409684641957283,1.0380446456727528,0.8806875,0.70262897,14,True,32,256,512,128,256,64
7,0.9268859703540802,0.3436101115196943,1.0501590986251832,0.87925,0.7085,12,True,32,128,256,256,512,32
9,0.9273194150319176,0.2532958691716194,1.1045887692580147,0.91043746,0.7150297,14,True,32,256,256,256,512,64
10,0.9276475360393523,0.3210201195925474,1.1146939270496368,0.885875,0.704,15,True,128,128,256,128,128,32
11,0.9278554821771288,0.2567656041383743,1.0953432501308502,0.908375,0.7098214,16,True,128,128,128,128,256,64
8,0.92822479823279,0.3361502713561058,1.0588998141742887,0.8829375,0.7080853,13,True,32,256,512,256,256,64
10,0.9283972252160312,0.2698377825021744,1.0366505794227123,0.9040625,0.7077637,15,True,32,128,256,128,128,128
7,0.928459541797638,0.4139529279321432,1.0146490263938903,0.85487497,0.717,12,True,128,128,256,128,256,32
8,0.9285684691535102,0.410134283542633,1.0022460449309576,0.8523125,0.7028769,13,True,32,128,512,128,512,64
10,0.9285704112052916,0.2818035481199622,1.0563755308389664,0.9049375,0.71274996,15,True,128,128,512,256,256,32
8,0.928680365993863,0.3218163186907768,0.9989056596680294,0.885875,0.7135416,13,True,32,64,256,512,256,64
9,0.9287359516620636,0.3604388647526502,0.9977869679927824,0.8768125,0.7135,14,True,128,128,256,128,512,32
6,0.9290604634284974,0.4200538786500692,0.9918557891845704,0.851375,0.71,11,True,32,128,128,256,128,32
8,0.929209794316973,0.342823135793209,1.0073958890778678,0.8784375,0.7023809,13,True,32,128,512,512,128,64
9,0.9294582824707032,0.3585339823365212,1.1514326062202451,0.87224996,0.681,14,True,64,64,128,128,512,32
8,0.9299189236164092,0.3402307325154542,1.053709389448166,0.8823125,0.70799994,13,True,128,64,256,512,512,32
7,0.929923864081502,0.4354398441314697,0.9357743375003338,0.8460625,0.70288086,12,True,64,256,512,128,256,128
7,0.9300381739934286,0.4539100448489189,0.9710424480930208,0.8380625,0.6989087,12,True,64,256,512,128,512,64
9,0.9300390968322754,0.2538423271626234,1.0947314331531524,0.912625,0.73249996,14,True,64,256,256,512,512,32
8,0.9300956082722496,0.3610121176242828,1.053566540990557,0.8720625,0.70734125,13,True,32,64,512,512,512,64
11,0.9301115231854576,0.2974956859946251,1.1536518675940377,0.89187497,0.69642854,16,True,32,64,128,128,512,64
9,0.9303024170398712,0.3711144062057137,0.9963512196540832,0.870875,0.71099997,14,True,64,64,128,128,256,32
6,0.9305270854383708,0.4198310651779174,0.9945037961006165,0.84975,0.70288086,11,True,32,64,256,256,512,128
8,0.9305544923990964,0.350945123553276,1.0676095020025969,0.878375,0.71313477,13,True,32,128,512,512,512,128
8,0.9306072652339936,0.432171847641468,0.9959756002426148,0.849375,0.70575,13,True,128,128,512,128,128,32
7,0.9306326918601988,0.3487818881422281,1.0112524265050888,0.8793125,0.71325,12,True,64,128,256,512,256,32
6,0.9306438641548156,0.4451331806033849,0.9727679255008698,0.840625,0.71124995,11,True,128,64,128,256,512,32
7,0.930682800769806,0.3452948425859213,1.0125641236305236,0.88025,0.7175,12,True,32,64,128,512,256,32
9,0.930799373626709,0.3097228233367204,1.090627405166626,0.890625,0.69449997,14,True,32,128,256,128,256,32
9,0.9310388101471796,0.3272380104064941,1.0334051459554645,0.883375,0.7098214,14,True,32,256,512,128,128,64
9,0.931059006690979,0.3379556092768908,0.95437096452713,0.8819375,0.72625,14,True,128,64,256,256,128,32
6,0.931107759475708,0.507059921503067,1.019037364050746,0.821375,0.69018555,11,True,64,64,256,128,128,128
9,0.9311360216140748,0.3797930255681276,1.022950569152832,0.8675,0.706,14,True,128,256,512,128,256,32
8,0.9311512343883516,0.2994961463660002,1.081222535610199,0.8973125,0.722,13,True,32,256,256,256,128,32
8,0.9313184171915054,0.3726902720928192,0.9617561940103768,0.8658125,0.72021484,13,True,32,128,512,512,128,128
10,0.9313699712753296,0.332442742601037,1.0408063037395476,0.8848125,0.70975,15,True,128,64,128,128,256,32
9,0.9314262337154812,0.3332856864333153,1.1146344220827495,0.8795625,0.70262897,14,True,32,128,256,128,512,64
11,0.9316114976406096,0.3157015743628144,1.109340311050415,0.890125,0.70624995,16,True,128,256,512,128,128,32
7,0.9317246344354416,0.3872977268099785,1.0045336432873258,0.8613125,0.7130456,12,True,32,128,256,128,256,64
6,0.9317843280732632,0.4070964696407318,1.056979902088642,0.85074997,0.6767578,11,True,32,128,256,256,256,128
9,0.9319005664438008,0.3134803764820099,1.001503448933363,0.887375,0.7233887,14,True,32,128,512,512,256,128
5,0.9319080473884704,0.4422232694029808,0.9778549623867822,0.8421875,0.6989087,10,True,32,256,256,256,256,64
12,0.9322505053132772,0.2745204930305481,1.168984778225422,0.904125,0.6958008,17,True,128,256,512,128,128,128
7,0.9323509000241756,0.2954695550203323,0.9575950633734464,0.893375,0.72265625,12,True,32,128,128,512,512,128
7,0.9324141192436218,0.3720449567735195,1.0016284284591674,0.8674375,0.71774995,12,True,128,128,128,256,512,32
9,0.932499282360077,0.3352324492409825,1.0143108861446382,0.8820625,0.715,14,True,128,128,128,128,512,32
7,0.932902054861188,0.4603475470542907,0.9692954868078232,0.837625,0.7077637,12,True,64,128,512,256,256,128
9,0.9329249970912932,0.3298636133000254,1.177651449918747,0.8848125,0.69149995,14,True,128,128,128,128,256,32
7,0.9332163419042316,0.3384798338115215,1.0373847427822294,0.8774375,0.71031743,12,True,32,64,128,512,512,64
6,0.9334526232310704,0.3700491517484188,0.9798316889339024,0.869375,0.7199901,11,True,32,128,256,512,256,64
9,0.9337130465507508,0.3399766854122281,1.0983597540855408,0.8795625,0.707,14,True,32,64,128,256,128,32
9,0.9337686982154846,0.3095916633978486,0.9503498814105988,0.8946875,0.72774994,14,True,64,256,512,512,512,32
8,0.9338351346197582,0.3737637284994125,1.0038823315075465,0.8675,0.7172619,13,True,128,256,256,128,128,64
6,0.9339100601673126,0.490442121759057,0.96382830119133,0.82774997,0.71475,11,True,128,64,128,128,512,32
8,0.9339619118069844,0.4368912170529365,1.010127634283096,0.84825,0.6939484,13,True,128,64,512,128,128,64
10,0.9340391166210176,0.3420320247560739,1.0398608884811402,0.8776875,0.705,15,True,64,128,256,128,256,32
7,0.9342445582151412,0.4272861251831055,1.0180132146924734,0.8491875,0.69873047,12,True,64,128,256,128,128,128
11,0.93427868001163,0.2905884113311767,1.1590786017477512,0.899625,0.6843262,16,True,64,256,512,128,512,128
10,0.93443901387472,0.3235236044824123,1.0229041434469677,0.8895,0.71552575,15,True,64,256,512,128,256,64
8,0.9345029661655426,0.327106907762587,1.025771994113922,0.8846875,0.70975,13,True,32,256,256,256,512,32
5,0.934878770262003,0.441154045343399,1.0122808180749416,0.8424375,0.69506836,10,True,32,64,128,512,256,128
8,0.9350277052985296,0.3535413754582405,1.0089648299747045,0.8744375,0.7093254,13,True,128,64,256,256,512,64
8,0.9352964255809784,0.3562954248860478,1.0191597912311554,0.8775,0.72325003,13,True,64,256,256,256,512,32
8,0.9353526338698372,0.3858992911577225,0.9532324227075728,0.862125,0.7137897,13,True,64,128,256,128,128,64
7,0.9355356600135564,0.3759828922748566,1.0191452875733376,0.86575,0.7036133,12,True,64,64,256,256,512,128
8,0.9355377838611604,0.373754558570683,1.036128115415573,0.8675,0.712,13,True,128,256,128,128,512,32
7,0.9355781816300892,0.3979564613103866,0.9864899468800378,0.858625,0.71924603,12,True,64,64,256,256,256,64
10,0.9355949878692628,0.36004274841398,1.008564841747284,0.8765625,0.705,15,True,128,128,512,128,512,32
7,0.9357060809135436,0.4026445479616523,1.0052996344566345,0.8605625,0.70624995,12,True,128,64,256,256,512,32
8,0.9357741598098998,0.3274449754059315,1.0107380071329692,0.8838125,0.70734125,13,True,32,256,256,256,128,64
5,0.9359072380595737,0.4833969777822494,0.9680566380894372,0.82524997,0.70907736,10,True,128,128,256,256,512,64
10,0.935953851222992,0.2682590326331556,1.027366227388382,0.9068125,0.71449995,15,True,64,64,512,512,128,32
10,0.936013958454132,0.298848652921617,1.078673279762268,0.8970625,0.71075,15,True,64,64,256,256,128,32
8,0.9361518771648408,0.3715053668618202,1.1237088265419006,0.8649375,0.681,13,True,32,64,128,128,256,32
9,0.9362451190948486,0.2923925586119294,1.0660746505260468,0.898125,0.71075,14,True,64,64,512,512,256,32
8,0.936893939256668,0.3714944622069597,1.071283639907837,0.87,0.702,13,True,64,64,256,256,512,32
10,0.9369349982589484,0.3551911779642105,1.1154516320675611,0.8731875,0.68725586,15,True,64,64,512,128,512,128
11,0.9373542592525482,0.240231456875801,1.2878864047527314,0.9181875,0.69575,16,True,32,128,512,256,256,32
9,0.937491130261194,0.377489184975624,1.0366171768733434,0.8696875,0.6922123,14,True,32,64,512,256,512,64
8,0.9379267282783984,0.3420742831230163,1.1014589089900255,0.8745625,0.70532227,13,True,32,64,256,256,128,128
10,0.9380778510570528,0.2704086198247969,1.071556903600693,0.9075,0.73325,15,True,64,128,512,512,512,32
9,0.9384360928088428,0.299276466012001,1.1009457651525736,0.896875,0.7121582,14,True,32,256,256,128,128,128
11,0.9384576095342636,0.2579214509166777,1.1310969412326812,0.9151875,0.70949996,16,True,128,64,512,256,256,32
11,0.9386681147984096,0.2674877397418022,1.1402265230814617,0.9048125,0.7028769,16,True,64,64,128,128,512,64
9,0.9386974031925202,0.3467970997318625,1.058796945810318,0.878125,0.704,14,True,64,64,256,128,512,32
8,0.9390600399971007,0.3397526133954525,1.0956777663230897,0.8793125,0.70299995,13,True,64,64,256,256,256,32
6,0.939775430020832,0.4642125831246376,0.9645424560895042,0.8371875,0.7078373,11,True,128,64,256,128,512,64
13,0.940095916390419,0.2518572152853012,1.1633585169911385,0.9101875,0.70214844,18,True,64,64,512,128,128,128
8,0.9401616742610932,0.3536033318713307,1.138254361152649,0.8724375,0.68775,13,True,64,64,128,256,512,32
9,0.9402130359695072,0.3569459671378135,1.1157017681333754,0.877,0.69642854,14,True,32,64,128,128,128,64
11,0.940235272049904,0.2896944527626037,1.037793792784214,0.896375,0.71313477,16,True,128,64,512,256,512,128
11,0.9404476530968195,0.2498140867054462,1.0646407590025948,0.914375,0.72296625,16,True,64,256,512,256,512,64
10,0.9406506497859954,0.2469077607821673,1.1185314598083496,0.9151875,0.7245,15,True,64,128,256,512,512,32
8,0.9406909308736288,0.3769741507768631,0.9846986830234528,0.86775,0.7046131,13,True,64,64,512,256,512,64
6,0.9409421253949404,0.4096317505836487,1.0157147031277418,0.8510625,0.6879883,11,True,32,256,128,128,512,128
11,0.9411050930023194,0.293461318410933,1.180029900074005,0.90174997,0.70325,16,True,128,128,512,256,512,32
7,0.9412603077888488,0.4359984405934811,1.0115497286319732,0.845,0.70225,12,True,32,128,128,128,128,32
7,0.9413654246027509,0.3828196133375168,1.047854811426193,0.8640625,0.7011409,12,True,32,64,256,256,256,64
8,0.9413747125201756,0.3463420544266701,1.0827891817168585,0.8763125,0.69841266,13,True,32,256,512,256,512,64
8,0.9414322543889284,0.3729814709424972,0.9928774125874044,0.866,0.701416,13,True,32,64,128,128,128,128
11,0.9417362355050588,0.2872520413994789,1.1923154724968803,0.899,0.7048611,16,True,64,128,512,256,512,64
13,0.9417610466480256,0.226989097058773,1.107586594298482,0.9233125,0.72558594,18,True,128,128,512,128,512,128
7,0.9418411552906036,0.3708045481443405,0.970594173297286,0.86812496,0.717041,12,True,64,128,256,128,512,128
7,0.9418615878574432,0.3828543800115585,1.066515496798924,0.864625,0.69866073,12,True,32,64,256,256,512,64
8,0.9418763089179992,0.3511954371631145,1.0417448005676269,0.876875,0.72,13,True,128,64,256,256,256,32
9,0.9419970568269492,0.3501907469034195,0.9701342973858118,0.8774375,0.7211914,14,True,32,64,512,256,128,128
9,0.9421061286850582,0.3275953554809093,1.0235966406171284,0.8883125,0.71428573,14,True,32,128,512,128,256,64
9,0.9421123740673064,0.2904178391247988,1.0746275022029876,0.8970625,0.70624995,14,True,64,64,128,512,512,32
10,0.9423912316560744,0.3787816820144653,1.0652707815170288,0.8659375,0.6945801,15,True,32,64,512,128,128,128
6,0.9424855075776576,0.4311532181501388,1.0699596013873816,0.8466875,0.685791,11,True,32,64,128,256,512,128
7,0.9431225742612568,0.3894632331132889,0.9811574599099536,0.860375,0.71031743,12,True,32,64,128,256,128,64
8,0.9432969707995652,0.3453932863473892,1.0257961954921484,0.8755625,0.6970215,13,True,32,128,512,256,128,128
7,0.9433783431053162,0.451515987843275,1.0384231204986571,0.8408125,0.69474995,12,True,128,64,256,128,128,32
9,0.9434677585959436,0.40350985622406,0.9939671717584132,0.8579375,0.70288086,14,True,128,64,512,128,256,128
8,0.9435568771362304,0.3767383968830108,0.9873825418949128,0.867625,0.71599996,13,True,64,256,512,256,256,32
6,0.9436804205179214,0.3752417774200439,1.0167573150247335,0.8631875,0.7023926,11,True,32,256,256,256,512,128
5,0.9439041543006896,0.4941376801133156,0.9909735651016236,0.8263125,0.69525,10,True,32,64,128,256,512,32
6,0.9442731851623172,0.3654361328482627,0.9717437979720888,0.873,0.71974206,11,True,32,128,128,512,128,64
11,0.944968892261386,0.2511802579760551,1.0787208937108517,0.9113125,0.7080078,16,True,32,64,256,512,512,128
9,0.9451442547142506,0.4065291942358017,1.0505035035312176,0.8533125,0.68847656,14,True,128,64,512,128,128,128
9,0.9451965945107595,0.3213772687315941,1.0882151164705791,0.885375,0.70585316,14,True,32,128,256,128,128,64
6,0.9453789451122284,0.4128650072813034,1.0003550362586977,0.853125,0.70975,11,True,64,64,256,512,256,32
7,0.9456073130880084,0.474374797642231,0.9992733209852188,0.8325,0.69692457,12,True,128,64,512,128,256,64
7,0.9458365496248008,0.3432228181362152,1.0992389600723982,0.877,0.6958008,12,True,32,256,256,256,128,128
9,0.9459928724765776,0.3859230033755302,1.0711300828456878,0.8625,0.69775,14,True,128,64,256,128,512,32
6,0.9461218416690826,0.4399336807727814,1.1047885902225971,0.8400625,0.6813965,11,True,32,128,256,128,512,128
9,0.9467228717274137,0.3225890928804874,1.011736964422559,0.88699996,0.7160218,14,True,64,64,256,128,256,64
7,0.946917997673154,0.4402023091316223,0.997768510133028,0.8426875,0.69970703,12,True,64,128,512,128,256,128
6,0.9470577448133438,0.372964958012104,1.0305406195776805,0.8675625,0.70213294,11,True,32,256,128,128,256,64
9,0.947061882019043,0.3767128998786211,1.150592969417572,0.8635,0.67649996,14,True,32,64,128,128,512,32
8,0.9471410632133485,0.4010534575581551,0.9843264603614807,0.8545625,0.7005,13,True,64,256,256,128,512,32
10,0.9475822880268095,0.3675847839042544,1.0897081563472748,0.86875,0.6955,15,True,128,64,512,128,256,32
6,0.9480194835662842,0.3816043500229716,1.0455520465373993,0.86487496,0.70474994,11,True,32,128,128,512,256,32
8,0.9481921775341032,0.3254498670473695,1.0313771369457243,0.8855625,0.70975,13,True,32,64,256,512,256,32
8,0.9482421411408318,0.4073172527551651,1.098998420768314,0.852875,0.7028769,13,True,32,128,512,128,128,64
5,0.9489189498126508,0.4736854274272918,0.9729183074086905,0.8318125,0.70410156,10,True,32,64,256,256,256,128
12,0.9499050217961508,0.2971543994545936,1.1009357760822962,0.8958125,0.6979166,17,True,128,128,512,128,128,64
8,0.9500128574371338,0.3820477992147207,0.981108313560486,0.866125,0.715,13,True,128,256,256,128,128,32
12,0.950098372641064,0.325125670492649,1.05528395894974,0.8883125,0.7051091,17,True,128,256,512,128,128,64
8,0.9501793772455246,0.4385143513083458,1.0247154141229295,0.84381247,0.6892361,13,True,64,64,256,128,128,64
9,0.9502811526495312,0.4150082550048828,1.008353971299671,0.8535,0.70188487,14,True,64,64,512,128,128,64
11,0.951151908159256,0.2733153511881828,1.0868552777767182,0.90775,0.71424997,16,True,128,256,512,256,128,32
9,0.9512100512981416,0.3280255062207579,1.0370739696025848,0.887125,0.7135,14,True,32,64,512,256,256,32
10,0.9513770242532096,0.3358838251531124,1.0777785645590887,0.88175,0.7061012,15,True,128,64,256,128,128,64
10,0.9514586168622212,0.3190433073639869,1.1253659195370145,0.8875,0.6956845,15,True,32,64,256,128,512,64
8,0.951469933271408,0.4067208567410707,1.1046394538879394,0.85574996,0.6855,13,True,32,64,256,128,128,32
8,0.9519129402637482,0.383265024587512,1.033283617019653,0.8665,0.7025,13,True,32,64,256,256,512,32
8,0.9519792094230652,0.4722742617428302,0.9847423870563508,0.8334375,0.7,13,True,128,64,512,128,128,32
10,0.9522750282287598,0.3208356931209564,1.014680596590042,0.889,0.72249997,15,True,128,256,512,256,512,32
7,0.9525099296569824,0.3970333251357079,1.0006721403598786,0.86118746,0.706,12,True,32,64,512,512,512,32
11,0.9525901701450348,0.2598193157613277,1.220462917804718,0.9086875,0.69299996,16,True,32,128,128,128,256,32
9,0.9526574779301882,0.3429886528253555,1.07818466052413,0.8808125,0.703125,14,True,32,256,512,128,256,128
11,0.9528818109035492,0.2808255718275905,1.098732758283615,0.9041875,0.69799995,16,True,64,256,512,128,128,32
8,0.952963017463684,0.304055959649384,1.0406348528862,0.8963125,0.71575,13,True,64,128,128,512,512,32
9,0.95297904809316,0.3858464703261852,1.0113381677203708,0.8576875,0.6929563,14,True,64,64,512,128,512,64
8,0.9531576035022736,0.3552533894479274,1.020748570203781,0.8775625,0.70624995,13,True,64,256,256,128,128,32
9,0.953404653787613,0.3697468480989337,1.0399295246601106,0.8689375,0.70274997,14,True,32,128,512,128,128,32
7,0.953468194231391,0.3883036804199218,1.0226265359669924,0.85825,0.69311523,12,True,32,64,256,128,512,128
9,0.9535179023742676,0.391532797858119,1.0630557644367218,0.861375,0.68974996,14,True,64,64,128,128,128,32
6,0.9535607932105896,0.4850500729084014,0.9912371862502324,0.82731247,0.6894841,11,True,32,128,512,256,256,64
6,0.953904460346888,0.4917311463356018,1.0018213731901986,0.8260625,0.69345236,11,True,128,128,256,128,512,64
10,0.953947422027588,0.2732250319831073,1.018260716676712,0.9085,0.7185,15,True,32,256,512,512,512,32
5,0.954012356042862,0.5214616561830043,0.9662546420097352,0.814625,0.70025,10,True,128,256,128,128,256,32
11,0.954312849998474,0.2528398399613797,1.0938794121742248,0.91425,0.712,16,True,32,256,256,128,256,32
11,0.954444793984294,0.3271153761148452,1.133154271170497,0.882125,0.68896484,16,True,32,64,512,128,256,128
10,0.955092865973711,0.3293940343856811,1.1565275229513643,0.8814375,0.6894531,15,True,32,64,128,128,512,128
5,0.9553047904968262,0.4533472535461187,1.0272860765457152,0.838375,0.69799995,10,True,32,128,128,512,512,32
9,0.955699916124344,0.3125851361975074,1.1036113166809085,0.89125,0.6925,14,True,32,128,512,512,512,32
10,0.9557555694580078,0.2697132117524743,1.1906475365161897,0.90775,0.69649994,15,True,32,64,512,512,256,32
7,0.95650004196167,0.4399312669932842,1.0602752587795257,0.8471875,0.6905,12,True,32,256,512,256,512,32
9,0.9569727239154634,0.3079488263130188,1.0730093916257222,0.8925,0.69692457,14,True,32,256,256,128,512,64
6,0.957190948009491,0.4142498644143343,1.0145605823993682,0.8539375,0.69925,11,True,32,64,128,512,512,32
9,0.9573065667152404,0.3389377475902438,1.0837999978065491,0.8811875,0.70299995,14,True,32,128,128,128,512,32
8,0.957391527414322,0.3055497892536223,1.1194411113262177,0.8953125,0.702,13,True,32,128,256,512,512,32
7,0.9578103375434877,0.3716223038136959,1.0373685865402222,0.86899996,0.694,12,True,64,128,128,256,512,32
12,0.9578126385211944,0.2602077320516109,1.173831975698471,0.9099375,0.712,17,True,64,128,256,128,128,32
10,0.9578519206047058,0.2890771151147783,1.0836412749290467,0.9009375,0.7105,15,True,32,256,256,128,512,32
10,0.957958979845047,0.3284044299051165,1.1738678541183472,0.8858125,0.67925,15,True,64,64,256,128,256,32
7,0.9580271048545838,0.4155201570540666,1.0021423964500429,0.8558125,0.69624996,12,True,32,128,256,128,512,32
14,0.9585089557170868,0.2855608800724148,1.1061476361751557,0.901625,0.692,19,True,64,128,512,128,128,32
8,0.958585162639618,0.3174372256249189,1.1242217202186584,0.887875,0.70175,13,True,32,128,128,256,512,32
6,0.9590844979286194,0.4823853664398193,1.0226491894721983,0.829375,0.68275,11,True,32,256,128,128,512,32
9,0.95912344622612,0.2691779731959104,1.082242620229721,0.906375,0.70624995,14,True,32,128,512,512,256,32
5,0.9593681049725366,0.4960133304595947,0.9855907540472728,0.82524997,0.6996528,10,True,32,64,256,512,512,64
11,0.9601650692167736,0.2730897115767002,1.0814767262292286,0.9045,0.7115575,16,True,64,128,256,128,256,64
9,0.9602361340371388,0.3584075703620911,1.0639953461904377,0.8735625,0.6904762,14,True,64,64,512,512,512,64
8,0.9602379089310056,0.3368442933559418,1.0985246603451078,0.8814375,0.7028769,13,True,32,64,128,256,256,64
9,0.9603031910955906,0.3896368304491043,1.0322471484541893,0.86312497,0.6994629,14,True,32,256,512,128,128,128
8,0.9603311700820922,0.4058913670331239,0.9965649703741074,0.8573125,0.71825,13,True,128,64,128,128,128,32
10,0.9606698732527476,0.3161156584024429,1.1198141678931222,0.88656247,0.70758927,15,True,64,64,512,128,256,64
10,0.961080793350462,0.255993189394474,1.1553889569782076,0.908,0.70337296,15,True,32,128,256,256,512,64
9,0.9610955612659454,0.3102390782088041,1.1612646124362946,0.88981247,0.6985,14,True,32,256,128,128,128,32
8,0.9617135040462016,0.4021304304599762,1.0763066541403532,0.855875,0.6826172,13,True,32,64,256,128,128,128
7,0.962003966793418,0.4134157378673553,1.0572895109653473,0.852625,0.69433594,12,True,32,64,128,128,256,128
11,0.9628761172294616,0.2446119271628558,1.1708234795331955,0.9188125,0.71075,16,True,32,128,512,256,128,32
11,0.9629759833812712,0.3603554518148303,1.0404772710800172,0.87549996,0.68974996,16,True,128,256,512,128,512,32
8,0.963578323364258,0.3521355252712965,1.052702422380447,0.8768125,0.70075,13,True,32,256,256,128,128,32
8,0.9637278614044188,0.351900165207684,1.1182174167633057,0.8771875,0.697,13,True,64,256,128,128,128,32
10,0.964305076122284,0.278988437525928,1.074667583465576,0.9033125,0.7035,15,True,32,64,256,256,128,32
10,0.9643272511959076,0.2904472416788339,1.0860065231323242,0.9004375,0.71075,15,True,64,64,512,256,128,32
11,0.9643644452095032,0.3138764519542455,1.1541454944610596,0.89,0.68525,16,True,64,64,256,128,128,32
8,0.96473852917552,0.3876221400499344,1.0510542001575232,0.865625,0.6862793,13,True,32,128,512,256,512,128
8,0.9647710408483232,0.3186405321657657,1.1062840573371402,0.886875,0.7043651,13,True,32,256,256,128,256,64
7,0.9650134563446044,0.4051497249156237,1.0075367722511293,0.8595,0.69974995,12,True,32,64,256,256,256,32
8,0.9661446254253389,0.364030656889081,1.0863503799438476,0.876,0.69725,13,True,32,128,512,256,512,32
10,0.9661485662460328,0.2878233463354409,1.0340477323532105,0.9014375,0.715,15,True,64,128,512,256,256,32
10,0.966787818878416,0.3268621428906917,1.1614765704624237,0.885875,0.68278766,15,True,32,64,256,128,128,64
10,0.9672555429935455,0.38912851947546,1.147829733133316,0.861875,0.67674994,15,True,64,64,512,128,128,32
6,0.9672835562378168,0.4717977910041809,0.9990748763084412,0.83037496,0.6945801,11,True,32,64,512,512,512,128
11,0.967807674780488,0.3059635601043701,1.192227866500616,0.8900625,0.6899414,16,True,32,128,512,128,128,128
11,0.9690654277801514,0.3350457166433334,1.082890287041664,0.88125,0.70336914,16,True,32,64,512,128,512,128
7,0.9697511515617372,0.4690839426368475,1.0364447474479674,0.8365,0.687,12,True,64,64,512,256,512,32
8,0.969868630886078,0.3117388225272298,1.18224165558815,0.89156246,0.69175,13,True,32,64,256,512,512,32
9,0.9704894635677338,0.4168569877445697,1.0793658871650695,0.8513125,0.6875,14,True,32,64,256,128,256,32
11,0.97082035125248,0.2993035659492016,1.1110859598432268,0.89575,0.70758927,16,True,64,128,512,128,128,64
9,0.9717203800678254,0.3714680669754743,0.9917743463516236,0.8740625,0.7135,14,True,128,128,512,128,256,32
9,0.972264411903563,0.347817709416151,1.0596170075356015,0.8743125,0.6939484,14,True,32,64,128,128,256,64
8,0.9723946828842164,0.4309530211389065,1.0883421359062195,0.847875,0.69375,13,True,32,64,512,256,512,32
6,0.9728351049125196,0.4706490242481231,1.0293947514146566,0.834125,0.68237305,11,True,32,64,512,256,256,128
9,0.9743524885177612,0.4340080009400844,1.0058761620521546,0.8475625,0.6935,14,True,128,64,512,128,512,32
6,0.9748985195159912,0.4968016190230846,0.9880175330638884,0.8250625,0.69075,11,True,32,128,256,128,128,32
9,0.975344561395191,0.3596056734919548,1.137919875364455,0.8721875,0.6939484,14,True,32,64,512,256,128,64
9,0.9753855466842652,0.3630779200196266,1.118436661031511,0.8695625,0.6860119,14,True,32,64,256,128,256,64
10,0.9758184930634876,0.3795183220505714,1.06360695002571,0.86525,0.69196427,15,True,32,64,512,128,256,64
11,0.9765944304466248,0.3678407417088747,1.055055204153061,0.8695625,0.69974995,16,True,32,64,512,128,128,32
10,0.977424947042314,0.3401175111830234,1.1214297546280756,0.8764375,0.6875,15,True,32,256,512,128,512,64
7,0.9784326887130738,0.456732429549098,1.047513328075409,0.83825,0.69275,12,True,32,64,256,128,512,32
7,0.9786371181881616,0.4060765417814255,0.9948739163459294,0.85925,0.70758927,12,True,32,128,512,256,512,64
9,0.9791919164657592,0.3243167839050292,1.0253942568302157,0.887375,0.7055,14,True,32,64,512,256,128,32
9,0.979318470954895,0.4387952695935964,1.0220470309257508,0.84725,0.69075,14,True,64,128,512,128,256,32
10,0.9794870681762696,0.3357913483306765,1.1369125654697418,0.883375,0.677,15,True,32,128,512,128,256,32
10,0.9818316348015316,0.34702831107378,1.0921413832240634,0.8773125,0.6974206,15,True,32,64,512,128,128,64
12,0.982665427684784,0.3432897895425558,1.1304902871847151,0.8849375,0.69225,17,True,64,256,512,128,512,32
10,0.9847419687679836,0.3680160434246063,1.0768337202450586,0.8679375,0.6852678,15,True,64,128,512,128,512,64
11,0.9890251846313476,0.3824501144662499,1.1156502199172973,0.8665625,0.67674994,16,True,64,64,512,128,512,32
12,0.99200803399086,0.3216436562053859,1.143753045797348,0.8860625,0.69075,17,True,64,128,512,128,512,32
9,0.993551354408264,0.434191373154521,1.065036954879761,0.8421875,0.6805,14,True,64,64,512,128,256,32
9,0.9957327507436275,0.336013766169548,1.0873934850096705,0.8784375,0.7062988,14,True,32,64,256,128,256,128
9,0.9974388642311096,0.4348109557926655,1.0914557838439942,0.8451875,0.6705,14,True,32,256,512,128,128,32
10,1.0004717321395875,0.3646506241559982,1.1216329917907717,0.87375,0.68775,15,True,32,256,512,128,256,32
11,1.001347924035693,0.3898471902012825,1.1722945268191989,0.8616875,0.65674603,16,True,32,64,512,128,512,64
9,1.001613574102521,0.3828588004112244,1.089928263798356,0.8660625,0.6755371,14,True,32,128,512,128,512,128
9,1.007032965183258,0.460483349442482,1.10895773935318,0.8321875,0.666,14,True,32,64,512,128,256,32
13,1.0145406138896942,0.3163605825081467,1.1457969987392425,0.8916875,0.69,18,True,32,256,512,128,512,32
8,1.0169324572086331,0.5087869883179664,1.047212444782257,0.8200625,0.67775,13,True,32,64,512,128,512,32
8,1.0187068343162538,0.4181908228695392,1.0504314758777618,0.85706246,0.67999995,13,True,32,128,512,128,512,32
7,0.8701990880072117,0.2929180045127869,0.9748209547251463,0.896625,0.71191406,12,True,128,128,128,512,256,128
8,0.8692282873486715,0.2703085507452488,1.0515364313882494,0.9034375,0.7118056,13,True,128,128,128,512,128,64
7,0.8697933405637741,0.3211678866147995,0.965266440063715,0.886,0.7043457,12,True,128,128,128,512,128,128
7,0.8708491561904786,0.3118624434769154,0.9722406561412509,0.8854375,0.7256944,12,True,128,128,128,512,256,64
9,0.8441285733133554,0.2396016926765442,1.0583050344139338,0.91475,0.7236328,14,True,128,128,128,512,256,128
7,0.8824246118939112,0.35313711673021314,0.9392045111883254,0.8730625,0.73387897,12,True,128,128,256,512,128,64
8,0.8718831147998571,0.3021283600330353,0.9948738031089306,0.8928125,0.72216797,13,True,128,128,256,512,128,128
8,0.8838966990274096,0.2947388593554497,1.0194060012461648,0.8946875,0.72296625,13,True,128,128,256,512,256,64
9,0.8723354618996382,0.23998096442222594,1.0601907540112734,0.914875,0.72802734,14,True,128,128,256,512,256,128
8,0.8547779614963229,0.27324937465786936,1.0165424365845939,0.9035,0.7251984,13,True,128,256,128,512,128,64
7,0.8798123672604561,0.3104981274604797,0.9799092188477516,0.88656247,0.7307129,12,True,128,256,128,512,128,128
6,0.8926909868679349,0.34899540576338767,0.9100123473576137,0.8760625,0.7321428,11,True,128,256,128,512,256,64
8,0.8856235593557358,0.22661235719919204,1.0058818981051445,0.919375,0.73999023,13,True,128,256,128,512,256,128
8,0.8635081317689683,0.2981731052696705,1.0047212394457015,0.895125,0.7251984,13,True,128,256,256,512,128,64
8,0.8630748577415943,0.28147580540180206,1.0223126374185085,0.9001875,0.72436523,13,True,128,256,256,512,128,128
9,0.8967412331747631,0.2509739484190941,1.0771183626992362,0.91075,0.7271825,14,True,128,256,256,512,256,64
8,0.8586047757416964,0.27342416340112685,0.9602084755897522,0.903625,0.72875977,13,True,128,256,256,512,256,128
