best_epoch,best_test_loss,final_train_loss,final_test_loss,final_accuracy_train,final_accuracy_test,num_epochs,early_stopping,eta,h1,h2,batch_size,dropout_rate,weight_decay,momentum
9,1.8519380707740785,1.7391783190965653,1.8818083715438843,0.39418745,0.343,19,True,0.01,32,32,16,0.1,0.0001,0.3
12,1.8591103463172913,1.7429991888999938,1.8784555029869079,0.39806247,0.33624995,22,True,0.001,32,32,16,0.1,0.0001,0.3
23,1.8516485829353333,1.7671064594984054,1.8721265940666199,0.38993746,0.33924997,33,True,0.0001,32,32,16,0.1,0.0001,0.3
8,1.8258984756469727,1.6957880952358246,1.870064154624939,0.4158125,0.3455,18,True,0.01,32,32,32,0.1,0.0001,0.3
10,1.838196039199829,1.7242961905002594,1.8449956254959106,0.4099375,0.352,20,True,0.001,32,32,32,0.1,0.0001,0.3
23,1.8473960647583008,1.7792343595027924,1.858546989440918,0.39406246,0.3505,33,True,0.0001,32,32,32,0.1,0.0001,0.3
12,1.8147472729758611,1.6769170637130737,1.8437662370621213,0.427,0.35763884,22,True,0.01,32,32,64,0.1,0.0001,0.3
14,1.8221473447860232,1.7164156632423402,1.852492922828311,0.41806245,0.35590273,24,True,0.001,32,32,64,0.1,0.0001,0.3
43,1.8249968479550074,1.7756703186035157,1.8369519237488035,0.39618748,0.3767361,53,True,0.0001,32,32,64,0.1,0.0001,0.3
8,1.8084150552749634,1.68669624710083,1.8500044904649258,0.42412496,0.37231445,18,True,0.01,32,32,128,0.1,0.0001,0.3
27,1.8175141140818596,1.6917445936203004,1.8381961584091187,0.433375,0.37670898,37,True,0.001,32,32,128,0.1,0.0001,0.3
55,1.8278231658041477,1.7929857215881349,1.8473404832184315,0.38849998,0.36206055,65,True,0.0001,32,32,128,0.1,0.0001,0.3
7,1.8616761832237243,1.7429775590896606,1.873255030632019,0.3903125,0.34475,17,True,0.01,32,64,16,0.1,0.0001,0.3
5,1.8622441234588623,1.769889664053917,1.8634780383110046,0.38562495,0.35074997,15,True,0.001,32,64,16,0.1,0.0001,0.3
29,1.871849355697632,1.753987916827202,1.881236421108246,0.39631248,0.34475,39,True,0.0001,32,64,16,0.1,0.0001,0.3
4,1.8319919061660768,1.7152446548938751,1.846342490196228,0.40618747,0.36324996,14,True,0.01,32,64,32,0.1,0.0001,0.3
12,1.8394647331237792,1.715414428949356,1.861562071800232,0.41737497,0.35849994,22,True,0.001,32,64,32,0.1,0.0001,0.3
26,1.844566210746765,1.7691402592658996,1.8660336961746216,0.40074998,0.35799998,36,True,0.0001,32,64,32,0.1,0.0001,0.3
12,1.8152012295193143,1.6734456667900086,1.8588894870546129,0.42999995,0.36135912,22,True,0.01,32,64,64,0.1,0.0001,0.3
20,1.825667182604472,1.6985216875076294,1.873309748513358,0.42424995,0.35094243,30,True,0.001,32,64,64,0.1,0.0001,0.3
34,1.836767726474338,1.7830211448669433,1.8464176673737784,0.3919375,0.36359125,44,True,0.0001,32,64,64,0.1,0.0001,0.3
9,1.809913419187069,1.6807107963562011,1.827229667454958,0.42881244,0.37524414,19,True,0.01,32,64,128,0.1,0.0001,0.3
14,1.8198600858449936,1.7335047931671144,1.8378044590353966,0.41356248,0.35913086,24,True,0.001,32,64,128,0.1,0.0001,0.3
44,1.8559335619211197,1.8125876760482789,1.8654765002429485,0.37787497,0.3503418,54,True,0.0001,32,64,128,0.1,0.0001,0.3
7,1.8502120800018311,1.7445347876548767,1.8719523339271544,0.38731247,0.35249996,17,True,0.01,32,128,16,0.1,0.0001,0.3
8,1.854756318092346,1.7508131614923477,1.8711718139648437,0.3926875,0.33924997,18,True,0.001,32,128,16,0.1,0.0001,0.3
19,1.8611288666725159,1.7851308021545411,1.8812769870758057,0.38112497,0.33374995,29,True,0.0001,32,128,16,0.1,0.0001,0.3
4,1.835232557296753,1.7151878576278687,1.841511833190918,0.40781248,0.35649997,14,True,0.01,32,128,32,0.1,0.0001,0.3
6,1.8410181484222412,1.735943913936615,1.8548245601654052,0.40468746,0.357,16,True,0.001,32,128,32,0.1,0.0001,0.3
36,1.8474792194366456,1.7523334262371064,1.855783805847168,0.4025625,0.35149997,46,True,0.0001,32,128,32,0.1,0.0001,0.3
8,1.8211992922283353,1.6913506669998168,1.8581979747802493,0.4245,0.35416663,18,True,0.01,32,128,64,0.1,0.0001,0.3
8,1.8189079326296609,1.7369254374504088,1.822093134834653,0.41068745,0.3692956,18,True,0.001,32,128,64,0.1,0.0001,0.3
67,1.8192663684723869,1.7523976140022277,1.828051975795201,0.40731245,0.3695436,77,True,0.0001,32,128,64,0.1,0.0001,0.3
11,1.8134225904941559,1.6786614418029786,1.848097249865532,0.4290625,0.35058594,21,True,0.01,32,128,128,0.1,0.0001,0.3
14,1.811753824353218,1.734512692451477,1.8283072263002396,0.41318744,0.37280273,24,True,0.001,32,128,128,0.1,0.0001,0.3
45,1.8520726412534714,1.8052036571502685,1.8557781428098679,0.37981248,0.36206055,55,True,0.0001,32,128,128,0.1,0.0001,0.3
14,1.851510443687439,1.717742906332016,1.8680531892776489,0.40143746,0.34499997,24,True,0.01,32,256,16,0.1,0.0001,0.3
7,1.8547576274871826,1.7571964926719665,1.8752094225883484,0.39449996,0.34875,17,True,0.001,32,256,16,0.1,0.0001,0.3
24,1.8656868839263916,1.7646753735542298,1.8739832634925842,0.39262497,0.34149998,34,True,0.0001,32,256,16,0.1,0.0001,0.3
14,1.82643363571167,1.6803745725154877,1.8716157331466674,0.41924995,0.34199995,24,True,0.01,32,256,32,0.1,0.0001,0.3
15,1.836341456413269,1.7073456616401672,1.8590920734405518,0.418625,0.35149997,25,True,0.001,32,256,32,0.1,0.0001,0.3
30,1.8423865957260133,1.7658888740539551,1.8617384376525878,0.39612496,0.35999995,40,True,0.0001,32,256,32,0.1,0.0001,0.3
8,1.8042684698861742,1.691105083465576,1.8273283356711978,0.41849995,0.3695436,18,True,0.01,32,256,64,0.1,0.0001,0.3
10,1.8296295063836234,1.7170650553703308,1.8477132812378898,0.42418748,0.3588789,20,True,0.001,32,256,64,0.1,0.0001,0.3
44,1.828420429002671,1.7730721025466918,1.8441048141509768,0.39918745,0.3658234,54,True,0.0001,32,256,64,0.1,0.0001,0.3
16,1.8067285679280758,1.6612207832336425,1.866036243736744,0.44106245,0.34887695,26,True,0.01,32,256,128,0.1,0.0001,0.3
18,1.8181831166148186,1.710876519203186,1.8204930275678635,0.42306244,0.3708496,28,True,0.001,32,256,128,0.1,0.0001,0.3
70,1.8342378623783588,1.7835703058242798,1.8415741994976997,0.39381248,0.36865234,80,True,0.0001,32,256,128,0.1,0.0001,0.3
11,1.8478813648223877,1.7261760627031326,1.872682616710663,0.39349997,0.33975,21,True,0.01,32,512,16,0.1,0.0001,0.3
5,1.8635847220420838,1.7628916813135147,1.871131754398346,0.39049995,0.33699995,15,True,0.001,32,512,16,0.1,0.0001,0.3
33,1.861379168510437,1.7503990556001663,1.8825063605308532,0.39493746,0.3315,43,True,0.0001,32,512,16,0.1,0.0001,0.3
8,1.8304356002807618,1.6978763885498047,1.8617904386520385,0.41268748,0.3455,18,True,0.01,32,512,32,0.1,0.0001,0.3
11,1.8340833759307862,1.721892389535904,1.8621058111190796,0.41468745,0.35524994,21,True,0.001,32,512,32,0.1,0.0001,0.3
27,1.8486139974594116,1.7742832028865814,1.854241213798523,0.3920625,0.36275,37,True,0.0001,32,512,32,0.1,0.0001,0.3
8,1.8156439065933228,1.6883687362670898,1.8181620098295665,0.42487496,0.36359125,18,True,0.01,32,512,64,0.1,0.0001,0.3
17,1.8317267459536355,1.699848464012146,1.8509723894179813,0.42537498,0.34995037,27,True,0.001,32,512,64,0.1,0.0001,0.3
39,1.8347382867147053,1.774262755393982,1.8426292358882843,0.39999998,0.36483133,49,True,0.0001,32,512,64,0.1,0.0001,0.3
7,1.8060868605971336,1.6972818222045898,1.8407028689980507,0.42374998,0.3618164,17,True,0.01,32,512,128,0.1,0.0001,0.3
25,1.812928132712841,1.6926091384887696,1.8449007533490658,0.43425,0.36108398,35,True,0.001,32,512,128,0.1,0.0001,0.3
59,1.8325387425720692,1.7988880643844605,1.8328149914741516,0.38512498,0.37402344,69,True,0.0001,32,512,128,0.1,0.0001,0.3
10,1.8480063557624817,1.7295802320241929,1.866024353504181,0.395625,0.348,20,True,0.01,64,32,16,0.1,0.0001,0.3
7,1.8624295921325684,1.7514561307430268,1.8732094616889954,0.39468747,0.34074998,17,True,0.001,64,32,16,0.1,0.0001,0.3
24,1.8698450503349304,1.7679530676603317,1.8775409798622131,0.38812494,0.33774996,34,True,0.0001,64,32,16,0.1,0.0001,0.3
8,1.8316540870666504,1.703493420124054,1.8534041032791138,0.4125625,0.35349995,18,True,0.01,64,32,32,0.1,0.0001,0.3
10,1.8372012186050415,1.7134919426441193,1.859288143157959,0.41843748,0.35174996,20,True,0.001,64,32,32,0.1,0.0001,0.3
29,1.8395916061401367,1.761186866760254,1.8479663391113281,0.39599997,0.353,39,True,0.0001,64,32,32,0.1,0.0001,0.3
7,1.8110756173966422,1.69116170835495,1.8461646598482888,0.42343748,0.35838288,17,True,0.01,64,32,64,0.1,0.0001,0.3
11,1.8178342807860601,1.714480448246002,1.8279521805899483,0.41962498,0.3695436,21,True,0.001,64,32,64,0.1,0.0001,0.3
55,1.8277121384938557,1.753830020904541,1.853019154261029,0.4035625,0.36235118,65,True,0.0001,64,32,64,0.1,0.0001,0.3
13,1.8120913170278072,1.6723805351257324,1.833470944315195,0.432625,0.36743164,23,True,0.01,64,32,128,0.1,0.0001,0.3
22,1.8149858675897121,1.7046351528167725,1.830619890242815,0.42724997,0.3725586,32,True,0.001,64,32,128,0.1,0.0001,0.3
53,1.83506765589118,1.7997728605270387,1.8425942584872246,0.387375,0.36914062,63,True,0.0001,64,32,128,0.1,0.0001,0.3
4,1.8462739272117614,1.7525983959436418,1.8754787969589233,0.39556247,0.33824998,14,True,0.01,64,64,16,0.1,0.0001,0.3
11,1.8508197917938232,1.7448043820858001,1.877559507369995,0.39393747,0.339,21,True,0.001,64,64,16,0.1,0.0001,0.3
31,1.8615497784614563,1.7466954377889634,1.8801176681518554,0.40099996,0.33774996,41,True,0.0001,64,64,16,0.1,0.0001,0.3
8,1.8265284175872802,1.6988855729103087,1.864381791114807,0.4116875,0.34999996,18,True,0.01,64,64,32,0.1,0.0001,0.3
14,1.8393827314376832,1.710140837430954,1.8704168043136598,0.41649997,0.33774996,24,True,0.001,64,64,32,0.1,0.0001,0.3
36,1.8410236139297484,1.7665461189746856,1.8493589897155762,0.39581245,0.35824996,46,True,0.0001,64,64,32,0.1,0.0001,0.3
8,1.8208312761215937,1.6823433227539062,1.849392434907338,0.42312497,0.3628472,18,True,0.01,64,64,64,0.1,0.0001,0.3
22,1.8239305719496712,1.6903163423538208,1.8599778035330394,0.42768747,0.35912693,32,True,0.001,64,64,64,0.1,0.0001,0.3
32,1.8417544062175448,1.7862185916900635,1.8448413951056344,0.38774997,0.36111104,42,True,0.0001,64,64,64,0.1,0.0001,0.3
11,1.8092038929462433,1.681761375427246,1.8281740099191666,0.42549998,0.3762207,21,True,0.01,64,64,128,0.1,0.0001,0.3
22,1.816926971077919,1.7097186527252197,1.8241999298334122,0.42668748,0.3671875,32,True,0.001,64,64,128,0.1,0.0001,0.3
69,1.8433972150087357,1.7805608015060426,1.8547377362847328,0.39418745,0.35620117,79,True,0.0001,64,64,128,0.1,0.0001,0.3
10,1.8480615811347962,1.7232560150623322,1.885604853630066,0.39631248,0.33749998,20,True,0.01,64,128,16,0.1,0.0001,0.3
16,1.8604615969657898,1.7329813838005066,1.885508641242981,0.40099996,0.33349997,26,True,0.001,64,128,16,0.1,0.0001,0.3
18,1.8660323147773743,1.7862015051841735,1.8813792934417726,0.37731248,0.34149998,28,True,0.0001,64,128,16,0.1,0.0001,0.3
7,1.817570629119873,1.702545493364334,1.8577581214904786,0.4133125,0.35274994,17,True,0.01,64,128,32,0.1,0.0001,0.3
20,1.8382370290756225,1.6920150878429412,1.8781867990493775,0.41881245,0.34649998,30,True,0.001,64,128,32,0.1,0.0001,0.3
36,1.8419232559204102,1.754112681388855,1.855909231185913,0.40324998,0.35924995,46,True,0.0001,64,128,32,0.1,0.0001,0.3
8,1.8185310647601174,1.6894798197746277,1.8285018413785905,0.42668748,0.3660714,18,True,0.01,64,128,64,0.1,0.0001,0.3
14,1.8242904250583951,1.7165405502319335,1.8368400884053064,0.422,0.3710317,24,True,0.001,64,128,64,0.1,0.0001,0.3
66,1.8187223975620572,1.7518167181015014,1.8389107613336473,0.40493745,0.3628472,76,True,0.0001,64,128,64,0.1,0.0001,0.3
5,1.806251559406519,1.7029167852401734,1.8204694986343384,0.42062497,0.37329102,15,True,0.01,64,128,128,0.1,0.0001,0.3
12,1.8184043057262897,1.7277096948623658,1.835164025425911,0.41881245,0.3779297,22,True,0.001,64,128,128,0.1,0.0001,0.3
37,1.8474241569638252,1.8143979568481445,1.8534103482961655,0.37781245,0.3684082,47,True,0.0001,64,128,128,0.1,0.0001,0.3
8,1.8463460564613343,1.7330954294204712,1.874013023376465,0.39556247,0.34199995,18,True,0.01,64,256,16,0.1,0.0001,0.3
15,1.8537423124313355,1.725972551226616,1.8859837336540222,0.403,0.33424997,25,True,0.001,64,256,16,0.1,0.0001,0.3
20,1.8595969405174255,1.7767337168455124,1.8697722783088684,0.38631248,0.343,30,True,0.0001,64,256,16,0.1,0.0001,0.3
9,1.8336601448059082,1.6879817769527434,1.870638256072998,0.41756248,0.35599995,19,True,0.01,64,256,32,0.1,0.0001,0.3
17,1.8415347776412965,1.693652557849884,1.8555125150680543,0.42074996,0.35424995,27,True,0.001,64,256,32,0.1,0.0001,0.3
26,1.8451186513900757,1.7779641749858857,1.8540593729019166,0.3926875,0.35099995,36,True,0.0001,64,256,32,0.1,0.0001,0.3
4,1.8149008486005995,1.7065661072731018,1.8216066530772619,0.41387498,0.37549597,14,True,0.01,64,256,64,0.1,0.0001,0.3
16,1.8310919224269806,1.7050366649627686,1.849803025760348,0.424375,0.36111104,26,True,0.001,64,256,64,0.1,0.0001,0.3
53,1.8273899347063094,1.7613707675933838,1.8276423840295701,0.4066875,0.3675595,63,True,0.0001,64,256,64,0.1,0.0001,0.3
11,1.8112313151359558,1.683469614982605,1.833617091178894,0.42499995,0.36914062,21,True,0.01,64,256,128,0.1,0.0001,0.3
17,1.818377010524273,1.7169052486419678,1.8350029923021793,0.42106247,0.3725586,27,True,0.001,64,256,128,0.1,0.0001,0.3
74,1.8320959769189358,1.7748955144882201,1.8388560824096203,0.39549994,0.35888672,84,True,0.0001,64,256,128,0.1,0.0001,0.3
8,1.8487102537155151,1.7361558816432954,1.8646483359336854,0.39299995,0.33549994,18,True,0.01,64,512,16,0.1,0.0001,0.3
11,1.8489387350082398,1.7453803925514222,1.8793382134437562,0.39181244,0.34524995,21,True,0.001,64,512,16,0.1,0.0001,0.3
26,1.8553282828330995,1.7622773934602738,1.8810556735992432,0.3911875,0.32949996,36,True,0.0001,64,512,16,0.1,0.0001,0.3
8,1.8319892492294312,1.7003500173091888,1.8774666566848754,0.41012496,0.34674996,18,True,0.01,64,512,32,0.1,0.0001,0.3
7,1.8389256591796874,1.737451894044876,1.8576598625183105,0.40818745,0.34899998,17,True,0.001,64,512,32,0.1,0.0001,0.3
38,1.835939208984375,1.751840564250946,1.8596612205505372,0.40599996,0.35249996,48,True,0.0001,64,512,32,0.1,0.0001,0.3
9,1.8146405749850802,1.688207908153534,1.8211077205718509,0.4240625,0.36631942,19,True,0.01,64,512,64,0.1,0.0001,0.3
11,1.8237282472943503,1.7163643064498901,1.8439606730900113,0.41562498,0.36408728,21,True,0.001,64,512,64,0.1,0.0001,0.3
34,1.8439929579931593,1.7872737383842467,1.8449848984915114,0.38906246,0.36309522,44,True,0.0001,64,512,64,0.1,0.0001,0.3
6,1.8162583708763123,1.6991976432800293,1.8178966492414474,0.42431247,0.3701172,16,True,0.01,64,512,128,0.1,0.0001,0.3
22,1.824198491871357,1.7103739051818847,1.8522855751216412,0.42574996,0.34960938,32,True,0.001,64,512,128,0.1,0.0001,0.3
67,1.830773789435625,1.7794084138870239,1.8484551422297955,0.3943125,0.35864258,77,True,0.0001,64,512,128,0.1,0.0001,0.3
12,1.8489677114486693,1.7200206952095032,1.875679430961609,0.39906245,0.34225,22,True,0.01,128,32,16,0.1,0.0001,0.3
10,1.8575922985076905,1.74249192237854,1.8886450815200806,0.39643747,0.33524996,20,True,0.001,128,32,16,0.1,0.0001,0.3
15,1.864318545818329,1.790184942126274,1.8763269267082214,0.38099998,0.33924997,25,True,0.0001,128,32,16,0.1,0.0001,0.3
7,1.830881152153015,1.7017170944213866,1.8632736225128175,0.41012496,0.34724998,17,True,0.01,128,32,32,0.1,0.0001,0.3
10,1.839501340866089,1.7179761459827423,1.8604749240875245,0.413,0.34499997,20,True,0.001,128,32,32,0.1,0.0001,0.3
23,1.843388656616211,1.7810498220920563,1.8516554412841797,0.38937497,0.35599995,33,True,0.0001,128,32,32,0.1,0.0001,0.3
10,1.8197552930741083,1.6845274119377136,1.840406510565016,0.426875,0.3539186,20,True,0.01,128,32,64,0.1,0.0001,0.3
8,1.8256013242025224,1.7289365038871765,1.8483985416472903,0.41312498,0.35987097,18,True,0.001,128,32,64,0.1,0.0001,0.3
55,1.827361540188865,1.756903440952301,1.8314648469289143,0.40781248,0.37301582,65,True,0.0001,128,32,64,0.1,0.0001,0.3
14,1.8060342781245708,1.664746244430542,1.841343805193901,0.43462497,0.36694336,24,True,0.01,128,32,128,0.1,0.0001,0.3
25,1.8111041076481342,1.6961804141998291,1.8364988267421722,0.42918748,0.37451172,35,True,0.001,128,32,128,0.1,0.0001,0.3
38,1.860608071088791,1.8246321992874146,1.865873672068119,0.37387496,0.3474121,48,True,0.0001,128,32,128,0.1,0.0001,0.3
6,1.846142119884491,1.7413872101306915,1.8824797792434693,0.3926875,0.34124994,16,True,0.01,128,64,16,0.1,0.0001,0.3
12,1.8556267232894899,1.7421108045578002,1.891683217525482,0.40006244,0.33574998,22,True,0.001,128,64,16,0.1,0.0001,0.3
19,1.867666802406311,1.7705885367393495,1.8712819771766662,0.39087498,0.34924996,29,True,0.0001,128,64,16,0.1,0.0001,0.3
12,1.8304300203323365,1.6858366904258728,1.875178822517395,0.4195,0.34524995,22,True,0.01,128,64,32,0.1,0.0001,0.3
8,1.8440491704940796,1.7316146404743196,1.8751386051177978,0.407125,0.34349996,18,True,0.001,128,64,32,0.1,0.0001,0.3
20,1.8551915578842164,1.7803998670578003,1.8552883338928223,0.38974994,0.35724998,30,True,0.0001,128,64,32,0.1,0.0001,0.3
5,1.8230112109865462,1.7033321700096131,1.8231910202238295,0.4208125,0.36656743,15,True,0.01,128,64,64,0.1,0.0001,0.3
12,1.8238947997017512,1.7182345409393311,1.8428204835407318,0.4191875,0.36904758,22,True,0.001,128,64,64,0.1,0.0001,0.3
42,1.8356876676044767,1.7760659685134887,1.837510687964303,0.38906246,0.37028766,52,True,0.0001,128,64,64,0.1,0.0001,0.3
6,1.80740200355649,1.7015778856277466,1.8278071247041225,0.42181247,0.36621094,16,True,0.01,128,64,128,0.1,0.0001,0.3
26,1.8167802020907402,1.6935162658691407,1.8440745025873184,0.43212497,0.36254883,36,True,0.001,128,64,128,0.1,0.0001,0.3
59,1.8328446336090565,1.7901629676818849,1.8400924801826477,0.39131248,0.36889648,69,True,0.0001,128,64,128,0.1,0.0001,0.3
6,1.8505003790855408,1.752616442322731,1.8738468503952026,0.38756245,0.34724998,16,True,0.01,128,128,16,0.1,0.0001,0.3
11,1.8552804164886474,1.7379734984636306,1.8696971130371094,0.39881247,0.34749997,21,True,0.001,128,128,16,0.1,0.0001,0.3
26,1.8527023830413818,1.7682909562587739,1.8737654604911804,0.38968748,0.33975,36,True,0.0001,128,128,16,0.1,0.0001,0.3
8,1.8325469722747803,1.6980575726032257,1.8490135669708252,0.414625,0.35524994,18,True,0.01,128,128,32,0.1,0.0001,0.3
12,1.8360654458999635,1.718579819202423,1.8552446660995483,0.41375,0.35749996,22,True,0.001,128,128,32,0.1,0.0001,0.3
33,1.8405815706253053,1.7598594756126404,1.8580205001831054,0.40131247,0.35399997,43,True,0.0001,128,128,32,0.1,0.0001,0.3
13,1.812402263520256,1.6691074256896972,1.8494536573924716,0.43093747,0.35813487,23,True,0.01,128,128,64,0.1,0.0001,0.3
17,1.821588917384072,1.6992992238998412,1.8371351295047336,0.42537498,0.35739082,27,True,0.001,128,128,64,0.1,0.0001,0.3
36,1.8375976199195498,1.788439579963684,1.8574223840047444,0.39087498,0.3571428,46,True,0.0001,128,128,64,0.1,0.0001,0.3
6,1.8123399205505848,1.6981965579986573,1.8465862609446049,0.424375,0.35986328,16,True,0.01,128,128,128,0.1,0.0001,0.3
17,1.815457921475172,1.7213176679611206,1.8278726749122143,0.41824996,0.37231445,27,True,0.001,128,128,128,0.1,0.0001,0.3
45,1.8370791748166084,1.8101518297195434,1.8421359322965145,0.38156247,0.36547852,55,True,0.0001,128,128,128,0.1,0.0001,0.3
5,1.8455194540023803,1.7463072217702866,1.8691568398475646,0.390625,0.33949995,15,True,0.01,128,256,16,0.1,0.0001,0.3
5,1.8580870513916015,1.772567036986351,1.8627392611503601,0.38274997,0.34699994,15,True,0.001,128,256,16,0.1,0.0001,0.3
22,1.8557941617965699,1.770617780327797,1.870650845527649,0.38612497,0.34899998,32,True,0.0001,128,256,16,0.1,0.0001,0.3
10,1.8230647192001344,1.6930811095237732,1.8854640254974364,0.41618747,0.34649998,20,True,0.01,128,256,32,0.1,0.0001,0.3
12,1.8402312259674072,1.7175962371826172,1.857694317817688,0.41024995,0.36099994,22,True,0.001,128,256,32,0.1,0.0001,0.3
17,1.8539468002319337,1.7965114014148713,1.8576446142196654,0.38537496,0.36124998,27,True,0.0001,128,256,32,0.1,0.0001,0.3
9,1.8071694203785487,1.681900664806366,1.8573235443660192,0.4285,0.3536706,19,True,0.01,128,256,64,0.1,0.0001,0.3
9,1.8213296825923617,1.7242719035148621,1.8284808302682543,0.41718745,0.3745039,19,True,0.001,128,256,64,0.1,0.0001,0.3
58,1.8228323289326258,1.753524374961853,1.8281906540431674,0.40306246,0.36359125,68,True,0.0001,128,256,64,0.1,0.0001,0.3
6,1.812620211392641,1.6930701122283935,1.820976935327053,0.42793745,0.3725586,16,True,0.01,128,256,128,0.1,0.0001,0.3
20,1.822116769850254,1.7106126976013183,1.8267940506339073,0.4248125,0.36987305,30,True,0.001,128,256,128,0.1,0.0001,0.3
62,1.8350961208343506,1.7871691818237305,1.8394052125513554,0.3911875,0.3647461,72,True,0.0001,128,256,128,0.1,0.0001,0.3
4,1.8450441298484803,1.7438763283491134,1.8650032081604004,0.39593744,0.34674996,14,True,0.01,128,512,16,0.1,0.0001,0.3
7,1.851787075996399,1.7555468360185622,1.8729053173065187,0.39412498,0.34475,17,True,0.001,128,512,16,0.1,0.0001,0.3
19,1.8646883826255798,1.7755865321159363,1.8757118864059448,0.38231248,0.3365,29,True,0.0001,128,512,16,0.1,0.0001,0.3
11,1.8336195163726807,1.685382555961609,1.862478536605835,0.41956246,0.34999996,21,True,0.01,128,512,32,0.1,0.0001,0.3
11,1.8460234661102295,1.7226525692939758,1.8593035259246826,0.41193748,0.34625,21,True,0.001,128,512,32,0.1,0.0001,0.3
34,1.8414419412612915,1.7515450475215912,1.8592805671691894,0.40393746,0.35249996,44,True,0.0001,128,512,32,0.1,0.0001,0.3
9,1.8099457574269129,1.6865445523262024,1.8436157930464971,0.42462498,0.3675595,19,True,0.01,128,512,64,0.1,0.0001,0.3
10,1.8268691320267936,1.7326947393417358,1.8404723670747545,0.41087496,0.35788685,20,True,0.001,128,512,64,0.1,0.0001,0.3
43,1.8320459468024117,1.7685124549865723,1.8384172178450084,0.39549994,0.36731148,53,True,0.0001,128,512,64,0.1,0.0001,0.3
7,1.8077136166393757,1.6877178602218628,1.84445121884346,0.43025,0.35864258,17,True,0.01,128,512,128,0.1,0.0001,0.3
21,1.816660724580288,1.7086767473220825,1.826753232628107,0.42218745,0.37426758,31,True,0.001,128,512,128,0.1,0.0001,0.3
42,1.8375516533851624,1.8142237854003906,1.8426927104592323,0.38099998,0.36010742,52,True,0.0001,128,512,128,0.1,0.0001,0.3
6,1.8538128685951234,1.7446169571876526,1.8785327696800231,0.3879375,0.33774996,16,True,0.01,256,32,16,0.1,0.0001,0.3
4,1.8582099957466125,1.7698786717653274,1.8724126234054566,0.38831246,0.34875,14,True,0.001,256,32,16,0.1,0.0001,0.3
14,1.8694244875907897,1.8037876279354095,1.871803617954254,0.37449998,0.34875,24,True,0.0001,256,32,16,0.1,0.0001,0.3
5,1.8281743326187134,1.7202535133361816,1.8593625297546388,0.41125,0.35149997,15,True,0.01,256,32,32,0.1,0.0001,0.3
9,1.8374440898895263,1.7312185227870942,1.856628921508789,0.41024995,0.35375,19,True,0.001,256,32,32,0.1,0.0001,0.3
38,1.8425040502548218,1.7493196816444396,1.8441235942840577,0.40206248,0.3545,48,True,0.0001,256,32,32,0.1,0.0001,0.3
10,1.8160955962680636,1.675785982131958,1.8352612692212302,0.43324995,0.36532736,20,True,0.01,256,32,64,0.1,0.0001,0.3
22,1.8172913751904927,1.6838640966415406,1.8455590179988317,0.43162495,0.36557537,32,True,0.001,256,32,64,0.1,0.0001,0.3
45,1.8268345651172457,1.7759956650733948,1.8368365802462139,0.39181244,0.3692956,55,True,0.0001,256,32,64,0.1,0.0001,0.3
14,1.8122909218072891,1.6644928379058839,1.8490894585847855,0.430125,0.3540039,24,True,0.01,256,32,128,0.1,0.0001,0.3
25,1.8128490783274174,1.6973742408752441,1.8229584619402885,0.42931247,0.3696289,35,True,0.001,256,32,128,0.1,0.0001,0.3
77,1.825461819767952,1.7788733177185059,1.8414840810000896,0.39481246,0.3659668,87,True,0.0001,256,32,128,0.1,0.0001,0.3
7,1.8514391689300538,1.7389804692268371,1.8760809197425843,0.38887495,0.34024996,17,True,0.01,256,64,16,0.1,0.0001,0.3
23,1.8630481033325195,1.7002174980640412,1.8908436188697815,0.40868747,0.339,33,True,0.001,256,64,16,0.1,0.0001,0.3
22,1.857130054473877,1.7723168561458587,1.8668256111145018,0.38849998,0.34199995,32,True,0.0001,256,64,16,0.1,0.0001,0.3
10,1.8318198308944702,1.6878672075271606,1.8695852785110474,0.417125,0.34225,20,True,0.01,256,64,32,0.1,0.0001,0.3
12,1.8389544849395751,1.719100757598877,1.8688167877197266,0.41031247,0.34724998,22,True,0.001,256,64,32,0.1,0.0001,0.3
32,1.8377155342102052,1.7589242446422577,1.8482990255355836,0.40081245,0.35499996,42,True,0.0001,256,64,32,0.1,0.0001,0.3
7,1.8138062007843503,1.6972690162658692,1.8447943869091215,0.42306244,0.36681545,17,True,0.01,256,64,64,0.1,0.0001,0.3
13,1.825454938979376,1.7087791323661805,1.8286017917451405,0.42137498,0.36557537,23,True,0.001,256,64,64,0.1,0.0001,0.3
66,1.8274836729443262,1.753745081424713,1.8376886333738054,0.40368748,0.35912693,76,True,0.0001,256,64,64,0.1,0.0001,0.3
10,1.818352073431015,1.6800274181365966,1.8361498974263668,0.43124998,0.3569336,20,True,0.01,256,64,128,0.1,0.0001,0.3
19,1.8094952441751957,1.7204700002670288,1.8322228454053402,0.42131245,0.36645508,29,True,0.001,256,64,128,0.1,0.0001,0.3
64,1.8332704417407513,1.790384042739868,1.8354144543409348,0.38874996,0.36645508,74,True,0.0001,256,64,128,0.1,0.0001,0.3
9,1.8464012203216553,1.7314458673000335,1.8768714833259583,0.396375,0.3365,19,True,0.01,256,128,16,0.1,0.0001,0.3
7,1.8657186908721923,1.753682113647461,1.8843990125656127,0.39212495,0.33449996,17,True,0.001,256,128,16,0.1,0.0001,0.3
24,1.8644168515205384,1.7654018551111221,1.8849076261520386,0.39068747,0.34249997,34,True,0.0001,256,128,16,0.1,0.0001,0.3
9,1.823386960029602,1.6948412919044495,1.869632731437683,0.41868746,0.34649998,19,True,0.01,256,128,32,0.1,0.0001,0.3
14,1.836599907875061,1.7060891156196594,1.8759740438461303,0.417875,0.3545,24,True,0.001,256,128,32,0.1,0.0001,0.3
33,1.8444244947433472,1.761491589307785,1.8553121185302734,0.39824998,0.35724998,43,True,0.0001,256,128,32,0.1,0.0001,0.3
5,1.8170470283144997,1.7083778805732728,1.8565520634726873,0.41662496,0.35838288,15,True,0.01,256,128,64,0.1,0.0001,0.3
16,1.8171813544772921,1.7025203857421876,1.8461545932860601,0.42424995,0.36210316,26,True,0.001,256,128,64,0.1,0.0001,0.3
58,1.8215488441406735,1.7514386949539185,1.8380619741621471,0.40581244,0.36557537,68,True,0.0001,256,128,64,0.1,0.0001,0.3
10,1.8176323547959328,1.6814684467315675,1.847329057753086,0.42868745,0.37109375,20,True,0.01,256,128,128,0.1,0.0001,0.3
13,1.8156475350260735,1.7334724159240722,1.834938406944275,0.41399997,0.36621094,23,True,0.001,256,128,128,0.1,0.0001,0.3
46,1.8355027958750725,1.8098023176193236,1.8458724208176136,0.3838125,0.36279297,56,True,0.0001,256,128,128,0.1,0.0001,0.3
11,1.8514400448799133,1.7242787905931474,1.8820511445999146,0.39893746,0.34449995,21,True,0.01,256,256,16,0.1,0.0001,0.3
5,1.8617758984565735,1.7746422073841095,1.864765860080719,0.38143748,0.34599996,15,True,0.001,256,256,16,0.1,0.0001,0.3
35,1.856840718269348,1.7376277443170547,1.8738869280815125,0.40449995,0.35024995,45,True,0.0001,256,256,16,0.1,0.0001,0.3
5,1.826971736907959,1.7123356230258941,1.8607607936859132,0.40762496,0.35074997,15,True,0.01,256,256,32,0.1,0.0001,0.3
10,1.8330909242630005,1.7205439829826354,1.8729413146972655,0.40718746,0.34399998,20,True,0.001,256,256,32,0.1,0.0001,0.3
23,1.8475080413818359,1.7789870417118072,1.8638066501617432,0.38937497,0.35125,33,True,0.0001,256,256,32,0.1,0.0001,0.3
14,1.8130750447984725,1.665814709663391,1.8461633693604242,0.42674994,0.36631942,24,True,0.01,256,256,64,0.1,0.0001,0.3
7,1.817678996494838,1.7351986289024353,1.8223118157613845,0.412125,0.37028766,17,True,0.001,256,256,64,0.1,0.0001,0.3
33,1.8348604119013225,1.7891407504081727,1.8396951281835163,0.39056247,0.36507934,43,True,0.0001,256,256,64,0.1,0.0001,0.3
9,1.8029209673404694,1.6801515998840333,1.8360975794494152,0.43156248,0.36791992,19,True,0.01,256,256,128,0.1,0.0001,0.3
18,1.8224674612283707,1.7195041131973268,1.8410373032093048,0.4224375,0.3623047,28,True,0.001,256,256,128,0.1,0.0001,0.3
47,1.8464836701750755,1.8033393001556397,1.8484495244920254,0.38599998,0.3618164,57,True,0.0001,256,256,128,0.1,0.0001,0.3
10,1.8536366653442382,1.7307079684734346,1.8755012717247008,0.391625,0.33799994,20,True,0.01,256,512,16,0.1,0.0001,0.3
14,1.8539868841171265,1.7267732449769975,1.8765201072692872,0.4043125,0.34949994,24,True,0.001,256,512,16,0.1,0.0001,0.3
24,1.8630797114372253,1.772679903268814,1.8692537064552308,0.38537496,0.33924997,34,True,0.0001,256,512,16,0.1,0.0001,0.3
9,1.8273074989318847,1.7011999187469482,1.8580608577728273,0.41193748,0.36025,19,True,0.01,256,512,32,0.1,0.0001,0.3
8,1.8402124366760253,1.7233767256736756,1.862249430656433,0.4141875,0.35224998,18,True,0.001,256,512,32,0.1,0.0001,0.3
29,1.8432929649353027,1.7608302006721497,1.8549629697799683,0.39818746,0.35249996,39,True,0.0001,256,512,32,0.1,0.0001,0.3
9,1.8148835708224584,1.6802729744911193,1.8306541669936407,0.43018746,0.36656743,19,True,0.01,256,512,64,0.1,0.0001,0.3
17,1.8233146799935236,1.6977435836791992,1.8606771892971463,0.42549998,0.34623015,27,True,0.001,256,512,64,0.1,0.0001,0.3
24,1.8405126635990445,1.8039865922927856,1.859454213626801,0.38024998,0.35912693,34,True,0.0001,256,512,64,0.1,0.0001,0.3
12,1.8048448376357555,1.6762956066131591,1.8237069956958294,0.43156248,0.36010742,22,True,0.01,256,512,128,0.1,0.0001,0.3
16,1.8217549994587898,1.7237896394729615,1.8361971639096737,0.413625,0.36889648,26,True,0.001,256,512,128,0.1,0.0001,0.3
36,1.8447169177234173,1.8131511325836183,1.8485423475503922,0.37443745,0.3737793,46,True,0.0001,256,512,128,0.1,0.0001,0.3
6,1.844686134338379,1.7360557905435563,1.8694095730781555,0.3935625,0.35174996,16,True,0.01,512,32,16,0.1,0.0001,0.3
7,1.8534123167991639,1.7594964470863341,1.875605845451355,0.389125,0.33999997,17,True,0.001,512,32,16,0.1,0.0001,0.3
19,1.8586116409301758,1.7856093423366546,1.8610719733238221,0.3845625,0.3545,29,True,0.0001,512,32,16,0.1,0.0001,0.3
4,1.8379068994522094,1.7216854207515717,1.8723507881164552,0.41056246,0.34199995,14,True,0.01,512,32,32,0.1,0.0001,0.3
9,1.842767725944519,1.724348646402359,1.8476189737319946,0.41149998,0.35749996,19,True,0.001,512,32,32,0.1,0.0001,0.3
38,1.8402714729309082,1.7460253717899323,1.8427171258926391,0.40612495,0.35375,48,True,0.0001,512,32,32,0.1,0.0001,0.3
5,1.810673130883111,1.7092043471336364,1.8483676834711953,0.41437495,0.3489583,15,True,0.01,512,32,64,0.1,0.0001,0.3
20,1.8219031606401717,1.6960546617507934,1.857701746244279,0.42949998,0.36061502,30,True,0.001,512,32,64,0.1,0.0001,0.3
67,1.8229245269109333,1.7468376927375793,1.8342181292791215,0.40618747,0.37152773,77,True,0.0001,512,32,64,0.1,0.0001,0.3
6,1.8151897490024567,1.7018833751678466,1.8221274614334106,0.42125,0.37524414,16,True,0.01,512,32,128,0.1,0.0001,0.3
19,1.8135981373488903,1.7161282663345336,1.8160473816096783,0.42374998,0.3774414,29,True,0.001,512,32,128,0.1,0.0001,0.3
48,1.8461549617350101,1.8061007175445556,1.852482046931982,0.37887496,0.3647461,58,True,0.0001,512,32,128,0.1,0.0001,0.3
16,1.8486991543769837,1.7135530262589456,1.9005342817306519,0.401375,0.33949995,26,True,0.01,512,64,16,0.1,0.0001,0.3
8,1.851344244003296,1.7581963937282563,1.880446674823761,0.3915,0.34424996,18,True,0.001,512,64,16,0.1,0.0001,0.3
27,1.8613070230484008,1.7643576555252076,1.8840620045661927,0.39156246,0.34024996,37,True,0.0001,512,64,16,0.1,0.0001,0.3
7,1.8330887537002563,1.7041997413635255,1.842763822555542,0.40774995,0.35749996,17,True,0.01,512,64,32,0.1,0.0001,0.3
11,1.8397544641494752,1.7131403133869172,1.8589879093170165,0.415375,0.35375,21,True,0.001,512,64,32,0.1,0.0001,0.3
31,1.8405402593612672,1.7648311865329742,1.8559613447189331,0.39975,0.35549998,41,True,0.0001,512,64,32,0.1,0.0001,0.3
8,1.8121536667384799,1.6852228937149047,1.835661628889659,0.42543745,0.36507934,18,True,0.01,512,64,64,0.1,0.0001,0.3
19,1.8196849539166404,1.703156716823578,1.8474382597302634,0.42724997,0.37624002,29,True,0.001,512,64,64,0.1,0.0001,0.3
39,1.8327890918368386,1.7807909116744995,1.8427153295940824,0.39524996,0.3571428,49,True,0.0001,512,64,64,0.1,0.0001,0.3
5,1.8136839643120766,1.7021345462799071,1.8407290652394295,0.42149997,0.36206055,15,True,0.01,512,64,128,0.1,0.0001,0.3
22,1.8166607730090618,1.704284073829651,1.8253043293952942,0.42312497,0.37036133,32,True,0.001,512,64,128,0.1,0.0001,0.3
49,1.8409175351262093,1.8046746644973755,1.846266720443964,0.3825,0.36376953,59,True,0.0001,512,64,128,0.1,0.0001,0.3
7,1.8474490594863893,1.7391902998685838,1.885654272556305,0.39287496,0.33924997,17,True,0.01,512,128,16,0.1,0.0001,0.3
13,1.8591818480491638,1.7340060436725617,1.8832780890464782,0.40056247,0.33874995,23,True,0.001,512,128,16,0.1,0.0001,0.3
21,1.857735948085785,1.7817221740484237,1.8685076279640198,0.38643748,0.35149997,31,True,0.0001,512,128,16,0.1,0.0001,0.3
5,1.837212384223938,1.7160340371131897,1.8501914501190186,0.41149998,0.35724998,15,True,0.01,512,128,32,0.1,0.0001,0.3
17,1.8377247714996339,1.701396305322647,1.8677482032775878,0.42118746,0.34774995,27,True,0.001,512,128,32,0.1,0.0001,0.3
22,1.8459575395584107,1.7747981343269348,1.8508804597854613,0.39543748,0.35749996,32,True,0.0001,512,128,32,0.1,0.0001,0.3
9,1.8136726788112096,1.6859463248252868,1.8489154917853219,0.42624998,0.36086303,19,True,0.01,512,128,64,0.1,0.0001,0.3
18,1.8258653557489788,1.7022813711166382,1.8414719710274348,0.41924995,0.37475193,28,True,0.001,512,128,64,0.1,0.0001,0.3
69,1.8333979277383714,1.7406769351959228,1.840724507967631,0.41356248,0.35937494,79,True,0.0001,512,128,64,0.1,0.0001,0.3
4,1.8162901476025581,1.705826892852783,1.8382122479379177,0.42193747,0.36206055,14,True,0.01,512,128,128,0.1,0.0001,0.3
16,1.8176463097333908,1.723249150276184,1.8390503078699112,0.41924995,0.36743164,26,True,0.001,512,128,128,0.1,0.0001,0.3
59,1.8280009217560291,1.7875203380584717,1.8321190029382706,0.3879375,0.36645508,69,True,0.0001,512,128,128,0.1,0.0001,0.3
7,1.845988046169281,1.7375894320011138,1.877833751678467,0.3935625,0.34475,17,True,0.01,512,256,16,0.1,0.0001,0.3
11,1.8554840021133423,1.7395987207889556,1.8829184565544128,0.40012497,0.33949995,21,True,0.001,512,256,16,0.1,0.0001,0.3
29,1.861445677280426,1.7544826282262802,1.876196538925171,0.39231247,0.34099996,39,True,0.0001,512,256,16,0.1,0.0001,0.3
11,1.8365306291580201,1.6860165948867798,1.8439388341903686,0.42168748,0.36099994,21,True,0.01,512,256,32,0.1,0.0001,0.3
13,1.833572540283203,1.7127374835014344,1.8482514400482177,0.41837496,0.35549998,23,True,0.001,512,256,32,0.1,0.0001,0.3
23,1.8472715578079224,1.7784516730308533,1.8583138227462768,0.39262497,0.35849994,33,True,0.0001,512,256,32,0.1,0.0001,0.3
7,1.8021461831198797,1.69564004945755,1.845848970943027,0.42424995,0.3625992,17,True,0.01,512,256,64,0.1,0.0001,0.3
7,1.8183779602959043,1.7342286500930786,1.8254618985312325,0.41149998,0.3695436,17,True,0.001,512,256,64,0.1,0.0001,0.3
38,1.826966331118629,1.7770898561477662,1.8459784871055966,0.400625,0.36334324,48,True,0.0001,512,256,64,0.1,0.0001,0.3
12,1.8124461136758327,1.6730110778808593,1.8492143973708153,0.42799997,0.3569336,22,True,0.01,512,256,128,0.1,0.0001,0.3
11,1.8242002911865711,1.742413236618042,1.845220047980547,0.412125,0.36328125,21,True,0.001,512,256,128,0.1,0.0001,0.3
76,1.8328888677060604,1.7724958734512328,1.8471016809344292,0.39624995,0.35717773,86,True,0.0001,512,256,128,0.1,0.0001,0.3
11,1.851644052028656,1.7262849928736688,1.8954997534751892,0.39499998,0.33199996,21,True,0.01,512,512,16,0.1,0.0001,0.3
14,1.856650872707367,1.7243791326284408,1.893267991065979,0.40006244,0.33624995,24,True,0.001,512,512,16,0.1,0.0001,0.3
29,1.8617783656120301,1.7660464370250701,1.8742270412445068,0.39087498,0.34349996,39,True,0.0001,512,512,16,0.1,0.0001,0.3
4,1.8350166511535644,1.7101813921928406,1.855128812789917,0.41393745,0.3545,14,True,0.01,512,512,32,0.1,0.0001,0.3
9,1.8375720872879029,1.7265846021175384,1.8585078496932983,0.41162497,0.34849995,19,True,0.001,512,512,32,0.1,0.0001,0.3
32,1.8411729135513306,1.761738914012909,1.8509515895843507,0.39674997,0.35274994,42,True,0.0001,512,512,32,0.1,0.0001,0.3
8,1.8154504109942724,1.697767514705658,1.8468090068726313,0.42093748,0.3551587,18,True,0.01,512,512,64,0.1,0.0001,0.3
7,1.8232279221216838,1.7314082822799683,1.8243368693760462,0.41512495,0.36235118,17,True,0.001,512,512,64,0.1,0.0001,0.3
42,1.8356935864403134,1.774172646522522,1.8424265895571028,0.39624995,0.3625992,52,True,0.0001,512,512,64,0.1,0.0001,0.3
15,1.8171986863017082,1.6615778007507325,1.8475573398172855,0.43668747,0.36743164,25,True,0.01,512,512,128,0.1,0.0001,0.3
19,1.8196491934359074,1.7202302389144897,1.8454008512198925,0.41724998,0.359375,29,True,0.001,512,512,128,0.1,0.0001,0.3
33,1.8498811833560467,1.8250931377410888,1.859097395092249,0.37712497,0.3564453,43,True,0.0001,512,512,128,0.1,0.0001,0.3
186,1.7776881195604801,1.6810593719482423,1.7783406972885132,0.43974996,0.38134766,196,True,0.0001,512,512,128,0,0,0
174,1.7740676142275333,1.6766317567825317,1.7742828205227852,0.44168746,0.37890625,184,True,0.0001,512,512,128,0,0,0.1
150,1.7759632542729378,1.68521240234375,1.7764019407331944,0.43787497,0.39575195,160,True,0.0001,512,512,128,0,0,0.125
184,1.7763193808495998,1.670971767425537,1.777792938053608,0.44731247,0.39086914,194,True,0.0001,512,512,128,0,0,0.15
166,1.7823047488927841,1.6762599849700928,1.7826568000018597,0.44199997,0.38330078,176,True,0.0001,512,512,128,0,0,0.175
152,1.7828621491789818,1.6722087049484253,1.7829253636300564,0.443375,0.3803711,162,True,0.0001,512,512,128,0,0,0.2
155,1.7725818157196045,1.6748336687088012,1.7729765065014362,0.44256246,0.3852539,165,True,0.0001,512,512,128,0,0,0.225
159,1.7749932035803795,1.6698620815277099,1.7759707234799862,0.44318748,0.38867188,169,True,0.0001,512,512,128,0,0,0.25
158,1.779353454709053,1.6662584228515624,1.7803358063101768,0.4438125,0.39013672,168,True,0.0001,512,512,128,0,0,0.275
134,1.7745775878429413,1.6768510599136353,1.7761202938854694,0.44418746,0.39282227,144,True,0.0001,512,512,128,0,0,0.3
187,1.782291617244482,1.6804116792678834,1.7830810770392418,0.43743747,0.39208984,197,True,0.0001,512,512,128,0,0.001,0
152,1.7697776407003403,1.6857841835021972,1.7699520885944366,0.433375,0.390625,162,True,0.0001,512,512,128,0,0.001,0.1
162,1.776374876499176,1.680766697883606,1.7768885903060436,0.439125,0.39331055,172,True,0.0001,512,512,128,0,0.001,0.125
166,1.7764078117907047,1.675211778640747,1.7772369049489498,0.44462496,0.38720703,176,True,0.0001,512,512,128,0,0.001,0.15
160,1.7769501581788063,1.681893183708191,1.7770043276250362,0.43756247,0.3876953,170,True,0.0001,512,512,128,0,0.001,0.175
149,1.7793894372880459,1.677882495880127,1.780416626483202,0.43862498,0.3935547,159,True,0.0001,512,512,128,0,0.001,0.2
152,1.7792480327188969,1.6732540807724,1.780373454093933,0.44568747,0.3840332,162,True,0.0001,512,512,128,0,0.001,0.225
162,1.7712041810154915,1.6679447202682496,1.7725310698151588,0.44656247,0.38745117,172,True,0.0001,512,512,128,0,0.001,0.25
151,1.7722834721207619,1.6763761777877808,1.7730688266456127,0.44081247,0.38378906,161,True,0.0001,512,512,128,0,0.001,0.275
135,1.7815034836530685,1.674034960746765,1.7824242040514946,0.44756246,0.38598633,145,True,0.0001,512,512,128,0,0.001,0.3
204,1.767770390957594,1.673982063293457,1.7678333669900894,0.44268745,0.3930664,214,True,0.0001,512,512,128,0,0.0001,0
166,1.773465309292078,1.6815030965805053,1.7738102413713932,0.43974996,0.39160156,176,True,0.0001,512,512,128,0,0.0001,0.1
146,1.7754422165453434,1.6884563570022584,1.7756903916597366,0.43906248,0.39013672,156,True,0.0001,512,512,128,0,0.0001,0.125
155,1.7780632451176643,1.6836447849273681,1.778645396232605,0.43681246,0.38793945,165,True,0.0001,512,512,128,0,0.0001,0.15
152,1.779784508049488,1.6765094985961915,1.7805991396307945,0.4445625,0.3876953,162,True,0.0001,512,512,128,0,0.0001,0.175
157,1.7772971875965595,1.6775068359375,1.7774363420903683,0.4404375,0.38330078,167,True,0.0001,512,512,128,0,0.0001,0.2
150,1.776830043643713,1.681022099494934,1.7774162478744984,0.4425,0.39038086,160,True,0.0001,512,512,128,0,0.0001,0.225
147,1.7738235369324684,1.6718998889923096,1.775152288377285,0.4461875,0.39013672,157,True,0.0001,512,512,128,0,0.0001,0.25
138,1.7743525952100754,1.680717746734619,1.77488898858428,0.44093746,0.3852539,148,True,0.0001,512,512,128,0,0.0001,0.275
140,1.774439599364996,1.6710918674468993,1.776104785501957,0.44287497,0.3918457,150,True,0.0001,512,512,128,0,0.0001,0.3
51,1.8591787740588188,1.8314742002487183,1.864035528153181,0.37093747,0.3659668,61,True,0.0001,512,512,128,0.1,0,0
35,1.856194756925106,1.8349038753509521,1.858259491622448,0.3698125,0.35302734,45,True,0.0001,512,512,128,0.1,0,0.1
49,1.844814546406269,1.8192704868316651,1.8503947667777538,0.3746875,0.3623047,59,True,0.0001,512,512,128,0.1,0,0.125
71,1.8371374383568764,1.7952656450271607,1.8435978293418884,0.38887495,0.35864258,81,True,0.0001,512,512,128,0.1,0,0.15
67,1.8328181616961956,1.8045231943130493,1.8552705571055412,0.38374996,0.3557129,77,True,0.0001,512,512,128,0.1,0,0.175
51,1.8426849991083145,1.8097520666122437,1.8456813879311085,0.38399994,0.3647461,61,True,0.0001,512,512,128,0.1,0,0.2
88,1.8229044079780579,1.772197485923767,1.8295701406896114,0.39506245,0.37231445,98,True,0.0001,512,512,128,0.1,0,0.225
62,1.8342785499989986,1.7950160398483277,1.8421425484120846,0.3895625,0.36499023,72,True,0.0001,512,512,128,0.1,0,0.25
37,1.855715524405241,1.8199170265197755,1.8624006174504757,0.37768745,0.35668945,47,True,0.0001,512,512,128,0.1,0,0.275
54,1.8439791575074196,1.798787591934204,1.8581648133695126,0.38037497,0.36132812,64,True,0.0001,512,512,128,0.1,0,0.3
55,1.854378517717123,1.8194775047302245,1.85499057918787,0.37318748,0.35180664,65,True,0.0001,512,512,128,0.1,0.001,0
84,1.8337185382843018,1.794033616065979,1.8448671884834766,0.38981247,0.36669922,94,True,0.0001,512,512,128,0.1,0.001,0.1
101,1.8246919848024845,1.7700822353363037,1.8403566218912601,0.40162498,0.36523438,111,True,0.0001,512,512,128,0.1,0.001,0.125
35,1.8558920472860336,1.8362998657226564,1.859165258705616,0.37281245,0.35961914,45,True,0.0001,512,512,128,0.1,0.001,0.15
70,1.834683544933796,1.797731873512268,1.8403021395206451,0.3869375,0.36328125,80,True,0.0001,512,512,128,0.1,0.001,0.175
66,1.8355871848762035,1.7926207008361816,1.8497194088995457,0.38981247,0.35180664,76,True,0.0001,512,512,128,0.1,0.001,0.2
67,1.8328288197517395,1.7857194290161134,1.851142793893814,0.39156246,0.36401367,77,True,0.0001,512,512,128,0.1,0.001,0.225
71,1.8240621723234653,1.787736207962036,1.8351856581866741,0.39725,0.35766602,81,True,0.0001,512,512,128,0.1,0.001,0.25
51,1.841452606022358,1.8102762498855591,1.845007237046957,0.38,0.36816406,61,True,0.0001,512,512,128,0.1,0.001,0.275
55,1.8352749571204185,1.7984257526397704,1.8479676470160484,0.39012498,0.36865234,65,True,0.0001,512,512,128,0.1,0.001,0.3
71,1.8396611884236336,1.805090558052063,1.8521450757980347,0.3813125,0.36157227,81,True,0.0001,512,512,128,0.1,0.0001,0
80,1.8373303711414337,1.7879357814788819,1.8496142774820328,0.39306247,0.35961914,90,True,0.0001,512,512,128,0.1,0.0001,0.1
73,1.8357398211956024,1.8010606346130371,1.8492913246154785,0.38474995,0.36279297,83,True,0.0001,512,512,128,0.1,0.0001,0.125
48,1.8467866964638233,1.822349603652954,1.8496223837137222,0.37249994,0.3671875,58,True,0.0001,512,512,128,0.1,0.0001,0.15
71,1.8353918939828873,1.792230019569397,1.8441603928804398,0.3910625,0.36328125,81,True,0.0001,512,512,128,0.1,0.0001,0.175
63,1.8397416025400162,1.7944554843902587,1.8572824373841286,0.38837498,0.36010742,73,True,0.0001,512,512,128,0.1,0.0001,0.2
81,1.8294619470834732,1.7869962873458862,1.8423474878072739,0.38937497,0.35986328,91,True,0.0001,512,512,128,0.1,0.0001,0.225
41,1.839877687394619,1.8125341186523438,1.8468256741762161,0.38193744,0.36010742,51,True,0.0001,512,512,128,0.1,0.0001,0.25
53,1.846672274172306,1.8009476823806763,1.851439069956541,0.385875,0.35620117,63,True,0.0001,512,512,128,0.1,0.0001,0.275
38,1.8535958342254162,1.821111367225647,1.8572868183255196,0.37724996,0.3564453,48,True,0.0001,512,512,128,0.1,0.0001,0.3
53,1.9031206220388412,1.8887268829345703,1.9080570824444294,0.34818745,0.34155273,63,True,0.0001,512,512,128,0.2,0,0
85,1.885861761868,1.8478191032409668,1.9084917679429054,0.36299998,0.3388672,95,True,0.0001,512,512,128,0.2,0,0.1
45,1.9088635221123695,1.8887894315719604,1.9190789610147476,0.34943748,0.3305664,55,True,0.0001,512,512,128,0.2,0,0.125
33,1.918141320347786,1.9081217012405396,1.9256280660629272,0.34237498,0.3383789,43,True,0.0001,512,512,128,0.2,0,0.15
50,1.9139151349663734,1.8733535223007203,1.9175012819468975,0.3565625,0.33398438,60,True,0.0001,512,512,128,0.2,0,0.175
51,1.9092594049870968,1.8674535074234009,1.9313089214265347,0.35924995,0.32470703,61,True,0.0001,512,512,128,0.2,0,0.2
54,1.9038134142756462,1.8660861806869506,1.9335215911269188,0.35556245,0.32788086,64,True,0.0001,512,512,128,0.2,0,0.225
53,1.8948669508099556,1.8767179584503173,1.911225225776434,0.35518748,0.34179688,63,True,0.0001,512,512,128,0.2,0,0.25
50,1.9027722515165806,1.8670271244049073,1.9207600392401218,0.35562497,0.33398438,60,True,0.0001,512,512,128,0.2,0,0.275
57,1.892527036368847,1.8476948623657226,1.8964287973940372,0.36831248,0.33618164,67,True,0.0001,512,512,128,0.2,0,0.3
42,1.9131583161652088,1.904521529197693,1.9492606334388256,0.34468746,0.3293457,52,True,0.0001,512,512,128,0.2,0.001,0
46,1.901885312050581,1.893906548500061,1.9144240655004978,0.3484375,0.34277344,56,True,0.0001,512,512,128,0.2,0.001,0.1
39,1.9112249128520489,1.8934020195007324,1.9295565150678158,0.34262496,0.3330078,49,True,0.0001,512,512,128,0.2,0.001,0.125
37,1.909050714224577,1.897449348449707,1.9107126630842686,0.34199995,0.34179688,47,True,0.0001,512,512,128,0.2,0.001,0.15
30,1.9257374666631222,1.905519082069397,1.9294813312590122,0.3441875,0.32763672,40,True,0.0001,512,512,128,0.2,0.001,0.175
70,1.8858490027487278,1.8519986047744752,1.895504143089056,0.36668748,0.34375,80,True,0.0001,512,512,128,0.2,0.001,0.2
36,1.9091910310089588,1.8931278886795044,1.91156892105937,0.348,0.3466797,46,True,0.0001,512,512,128,0.2,0.001,0.225
58,1.898301187902689,1.8729411182403564,1.9097569398581982,0.35724998,0.34277344,68,True,0.0001,512,512,128,0.2,0.001,0.25
35,1.9206512495875359,1.8866014108657836,1.9271890968084335,0.34787494,0.3359375,45,True,0.0001,512,512,128,0.2,0.001,0.275
28,1.9210482388734818,1.8976334657669067,1.944722954183817,0.34749997,0.32641602,38,True,0.0001,512,512,128,0.2,0.001,0.3
42,1.9196525551378727,1.9081352500915527,1.9222376942634583,0.34099996,0.32641602,52,True,0.0001,512,512,128,0.2,0.0001,0
33,1.9213252179324627,1.914598907470703,1.9257032088935375,0.33749998,0.33007812,43,True,0.0001,512,512,128,0.2,0.0001,0.1
35,1.9237477853894234,1.8984755058288574,1.9284669272601604,0.3450625,0.32299805,45,True,0.0001,512,512,128,0.2,0.0001,0.125
67,1.902252309024334,1.8552554988861083,1.910752773284912,0.36506248,0.34033203,77,True,0.0001,512,512,128,0.2,0.0001,0.15
40,1.9249287620186806,1.8911638917922973,1.9417105950415134,0.35043746,0.328125,50,True,0.0001,512,512,128,0.2,0.0001,0.175
46,1.9053965620696545,1.8830440406799316,1.908150389790535,0.35481244,0.34228516,56,True,0.0001,512,512,128,0.2,0.0001,0.2
38,1.9046307057142258,1.8848054275512696,1.9109333530068398,0.3566875,0.33789062,48,True,0.0001,512,512,128,0.2,0.0001,0.225
34,1.9025322534143925,1.8979431533813476,1.932556625455618,0.34475,0.33325195,44,True,0.0001,512,512,128,0.2,0.0001,0.25
66,1.8933891952037811,1.8471829919815064,1.9170244000852108,0.36543745,0.34155273,76,True,0.0001,512,512,128,0.2,0.0001,0.275
52,1.8857859559357166,1.8666784648895263,1.8971972838044167,0.35837495,0.35229492,62,True,0.0001,512,512,128,0.2,0.0001,0.3
64,1.963054172694683,1.9485039215087891,1.9901401959359646,0.33543748,0.31176758,74,True,0.0001,512,512,128,0.3,0,0
69,1.9566432759165764,1.9463696193695068,1.9793096408247948,0.33162498,0.3166504,79,True,0.0001,512,512,128,0.3,0,0.1
22,2.008518014103174,2.0001147842407225,2.0144626572728157,0.31312495,0.30810547,32,True,0.0001,512,512,128,0.3,0,0.125
46,1.969312734901905,1.9631127939224242,1.985610656440258,0.32274997,0.32470703,56,True,0.0001,512,512,128,0.3,0,0.15
23,2.0084146559238434,2.00173509311676,2.0093973092734814,0.31443745,0.3161621,33,True,0.0001,512,512,128,0.3,0,0.175
81,1.9619253799319267,1.9198856563568116,1.979327529668808,0.33962494,0.32104492,91,True,0.0001,512,512,128,0.3,0,0.2
32,1.9881009198725224,1.9832488508224488,2.010789889842272,0.31724995,0.30566406,42,True,0.0001,512,512,128,0.3,0,0.225
39,1.9717515632510185,1.9583516759872437,1.9795386120676994,0.32418746,0.32299805,49,True,0.0001,512,512,128,0.3,0,0.25
61,1.9731278978288174,1.9305764322280883,1.9961251020431519,0.33787495,0.32006836,71,True,0.0001,512,512,128,0.3,0,0.275
35,1.9884504303336143,1.9566574964523316,1.9931912198662758,0.32806247,0.31762695,45,True,0.0001,512,512,128,0.3,0,0.3
33,2.00614283233881,1.9987107486724853,2.01473842933774,0.31987494,0.31030273,43,True,0.0001,512,512,128,0.3,0.001,0
76,1.950707133859396,1.9185230941772462,1.9596305824816227,0.34587497,0.32763672,86,True,0.0001,512,512,128,0.3,0.001,0.1
70,1.9594187177717686,1.94039857006073,1.96877009421587,0.33674997,0.32470703,80,True,0.0001,512,512,128,0.3,0.001,0.125
53,1.9752736650407314,1.9472701473236085,1.9772641770541668,0.33674997,0.32128906,63,True,0.0001,512,512,128,0.3,0.001,0.15
68,1.9609916098415852,1.9334566373825073,1.9943708591163158,0.33587497,0.31225586,78,True,0.0001,512,512,128,0.3,0.001,0.175
52,1.965985108166933,1.9555115518569945,1.9934090375900269,0.32731247,0.3125,62,True,0.0001,512,512,128,0.3,0.001,0.2
50,1.9603338353335857,1.9478597888946534,2.000634081661701,0.32756245,0.30664062,60,True,0.0001,512,512,128,0.3,0.001,0.225
52,1.9766249060630798,1.9513234844207763,1.9784012995660305,0.32643747,0.3178711,62,True,0.0001,512,512,128,0.3,0.001,0.25
34,1.9827384389936924,1.976363971710205,1.9943327568471432,0.32199997,0.31518555,44,True,0.0001,512,512,128,0.3,0.001,0.275
75,1.949895191937685,1.9216013908386231,1.9641387090086937,0.34006244,0.32177734,85,True,0.0001,512,512,128,0.3,0.001,0.3
75,1.959134478121996,1.935061764717102,1.9641054719686508,0.33612496,0.32543945,85,True,0.0001,512,512,128,0.3,0.0001,0
59,1.9621247723698616,1.9523181200027466,1.9878119826316833,0.32631248,0.3137207,69,True,0.0001,512,512,128,0.3,0.0001,0.1
56,1.986778363585472,1.953710825920105,1.9965594969689846,0.32649994,0.3244629,66,True,0.0001,512,512,128,0.3,0.0001,0.125
51,1.9737632274627686,1.960402193069458,1.9822369739413261,0.329,0.3239746,61,True,0.0001,512,512,128,0.3,0.0001,0.15
24,1.9913898296654224,1.9979257116317748,2.0060988403856754,0.31199998,0.3149414,34,True,0.0001,512,512,128,0.3,0.0001,0.175
48,1.970735665410757,1.9462528429031372,1.9861937835812569,0.3311875,0.3161621,58,True,0.0001,512,512,128,0.3,0.0001,0.2
33,1.9992803186178207,1.9650668783187866,2.0062705017626286,0.32649994,0.31982422,43,True,0.0001,512,512,128,0.3,0.0001,0.225
47,1.9669591411948204,1.9498542890548707,1.9863452389836311,0.3310625,0.32299805,57,True,0.0001,512,512,128,0.3,0.0001,0.25
35,1.9790789149701595,1.961542772293091,1.9971479699015617,0.323375,0.3203125,45,True,0.0001,512,512,128,0.3,0.0001,0.275
70,1.9567035250365734,1.9284072580337523,1.9849493764340878,0.33781248,0.3088379,80,True,0.0001,512,512,128,0.3,0.0001,0.3
37,2.0890033319592476,2.0776103734970093,2.103999324142933,0.29362494,0.28442383,47,True,0.0001,512,512,128,0.4,0,0
25,2.1128733046352863,2.116833426475525,2.144142836332321,0.2809375,0.27514648,35,True,0.0001,512,512,128,0.4,0,0.1
39,2.0877483040094376,2.0617746744155885,2.1272405460476875,0.30099994,0.27416992,49,True,0.0001,512,512,128,0.4,0,0.125
63,2.0499505288898945,2.0438809547424315,2.094328846782446,0.30462497,0.29101562,73,True,0.0001,512,512,128,0.4,0,0.15
73,2.050729289650917,2.0022336893081665,2.0703908763825893,0.32187498,0.29345703,83,True,0.0001,512,512,128,0.4,0,0.175
57,2.048790816217661,2.057824115753174,2.075506579130888,0.2999375,0.296875,67,True,0.0001,512,512,128,0.4,0,0.2
29,2.076181698590517,2.085394358634949,2.105617094784975,0.28893745,0.28442383,39,True,0.0001,512,512,128,0.4,0,0.225
69,2.0429358445107937,2.02632995223999,2.0659511759877205,0.30831248,0.29077148,79,True,0.0001,512,512,128,0.4,0,0.25
24,2.1009046994149685,2.0897649660110473,2.1138073951005936,0.29306245,0.28930664,34,True,0.0001,512,512,128,0.4,0,0.275
41,2.057152282446623,2.0522839937210082,2.0831343941390514,0.29674995,0.29003906,51,True,0.0001,512,512,128,0.4,0,0.3
50,2.0769320130348206,2.0742396926879882,2.0876267291605473,0.29012495,0.2866211,60,True,0.0001,512,512,128,0.4,0.001,0
42,2.068727608770132,2.082102650642395,2.0787359438836575,0.28912497,0.29614258,52,True,0.0001,512,512,128,0.4,0.001,0.1
62,2.0421060398221016,2.0377171812057493,2.0561154633760452,0.30487496,0.29858398,72,True,0.0001,512,512,128,0.4,0.001,0.125
35,2.08620074018836,2.073218560218811,2.104968387633562,0.29856247,0.28637695,45,True,0.0001,512,512,128,0.4,0.001,0.15
31,2.081464719027281,2.0805601148605346,2.0836274288594723,0.29193747,0.29077148,41,True,0.0001,512,512,128,0.4,0.001,0.175
27,2.0984929502010345,2.0891616659164427,2.1345521472394466,0.29268748,0.2800293,37,True,0.0001,512,512,128,0.4,0.001,0.2
21,2.104911919683218,2.0895415029525757,2.1084322407841682,0.29068744,0.28198242,31,True,0.0001,512,512,128,0.4,0.001,0.225
26,2.084080871194601,2.0846461858749388,2.113055359572172,0.28999996,0.28466797,36,True,0.0001,512,512,128,0.4,0.001,0.25
51,2.075484525412321,2.0432075939178467,2.1036306731402874,0.30468744,0.28588867,61,True,0.0001,512,512,128,0.4,0.001,0.275
54,2.049310475587845,2.0401704692840577,2.0582873076200485,0.30506247,0.30688477,64,True,0.0001,512,512,128,0.4,0.001,0.3
42,2.0934670753777027,2.0847084579467774,2.1035907827317715,0.29193747,0.2878418,52,True,0.0001,512,512,128,0.4,0.0001,0
47,2.075236704200506,2.06899622631073,2.0904997028410435,0.29324996,0.29125977,57,True,0.0001,512,512,128,0.4,0.0001,0.1
23,2.097195118665695,2.1031902618408203,2.1207077838480473,0.28924996,0.29101562,33,True,0.0001,512,512,128,0.4,0.0001,0.125
22,2.1099068112671375,2.0894263134002684,2.120909832417965,0.29362494,0.28564453,32,True,0.0001,512,512,128,0.4,0.0001,0.15
46,2.073589064180851,2.0493062868118286,2.074506938457489,0.30462497,0.29785156,56,True,0.0001,512,512,128,0.4,0.0001,0.175
40,2.0700835809111595,2.055515329360962,2.0789173133671284,0.301875,0.29467773,50,True,0.0001,512,512,128,0.4,0.0001,0.2
42,2.062310766428709,2.0605725326538087,2.0734449587762356,0.29956245,0.28833008,52,True,0.0001,512,512,128,0.4,0.0001,0.225
72,2.0483390353620052,2.012863790512085,2.067461032420397,0.30768746,0.29858398,82,True,0.0001,512,512,128,0.4,0.0001,0.25
31,2.0808048471808434,2.060326169013977,2.0963595137000084,0.30256248,0.2890625,41,True,0.0001,512,512,128,0.4,0.0001,0.275
43,2.0667474307119846,2.0495123319625854,2.0739559419453144,0.30543745,0.28833008,53,True,0.0001,512,512,128,0.4,0.0001,0.3
40,2.197516541928053,2.2168346395492553,2.218595203012228,0.26049995,0.26245117,50,True,0.0001,512,512,128,0.5,0,0
44,2.177081637084484,2.1846267356872557,2.1878755800426006,0.2728125,0.27270508,54,True,0.0001,512,512,128,0.5,0,0.1
50,2.185668006539345,2.171993029594421,2.225420944392681,0.27574998,0.25927734,60,True,0.0001,512,512,128,0.5,0,0.125
103,2.1322313211858273,2.0913075256347655,2.1370901837944984,0.28806245,0.2783203,113,True,0.0001,512,512,128,0.5,0,0.15
53,2.1807014793157578,2.161618033409119,2.2002955600619316,0.27749997,0.27026367,63,True,0.0001,512,512,128,0.5,0,0.175
31,2.1973480693995953,2.2163092851638795,2.215048521757126,0.26568747,0.26342773,41,True,0.0001,512,512,128,0.5,0,0.2
19,2.2266104258596897,2.2269904985427855,2.2340895757079124,0.26231247,0.26220703,29,True,0.0001,512,512,128,0.5,0,0.225
39,2.1792895160615444,2.1812368936538697,2.1815270856022835,0.26906246,0.27368164,49,True,0.0001,512,512,128,0.5,0,0.25
45,2.184510000050068,2.169584020614624,2.190255329012871,0.26912498,0.26245117,55,True,0.0001,512,512,128,0.5,0,0.275
29,2.2010036408901215,2.186369023323059,2.209671627730131,0.26843745,0.27026367,39,True,0.0001,512,512,128,0.5,0,0.3
33,2.2140569165349007,2.2087707843780517,2.218832030892372,0.26774997,0.26220703,43,True,0.0001,512,512,128,0.5,0.001,0
77,2.149086020886898,2.1421710700988768,2.155541893094778,0.28368747,0.2770996,87,True,0.0001,512,512,128,0.5,0.001,0.1
34,2.2002337872982025,2.216226106643677,2.231049694120884,0.26462495,0.25732422,44,True,0.0001,512,512,128,0.5,0.001,0.125
30,2.1996815279126167,2.205305515289307,2.210613153874874,0.2670625,0.27270508,40,True,0.0001,512,512,128,0.5,0.001,0.15
50,2.178510684520006,2.1653186225891115,2.193350501358509,0.27743745,0.28149414,60,True,0.0001,512,512,128,0.5,0.001,0.175
47,2.1675403118133545,2.177834900856018,2.1984845586121082,0.2744375,0.27490234,57,True,0.0001,512,512,128,0.5,0.001,0.2
72,2.151363294571638,2.1231014318466186,2.1519456282258034,0.28249997,0.27563477,82,True,0.0001,512,512,128,0.5,0.001,0.225
73,2.1307992823421955,2.1261325054168703,2.1623260006308556,0.28287494,0.27319336,83,True,0.0001,512,512,128,0.5,0.001,0.25
62,2.156673237681389,2.14181725692749,2.183322973549366,0.27662498,0.2775879,72,True,0.0001,512,512,128,0.5,0.001,0.275
48,2.184572197496891,2.1456406536102297,2.1906703114509583,0.2805,0.26123047,58,True,0.0001,512,512,128,0.5,0.001,0.3
32,2.225523218512535,2.2225986557006836,2.2375293262302876,0.26556247,0.26708984,42,True,0.0001,512,512,128,0.5,0.0001,0
48,2.188955031335354,2.1728562297821044,2.211861990392208,0.2726875,0.26171875,58,True,0.0001,512,512,128,0.5,0.0001,0.1
92,2.1373985782265663,2.135915473937988,2.160659372806549,0.27781248,0.28027344,102,True,0.0001,512,512,128,0.5,0.0001,0.125
38,2.1921319887042046,2.1819047327041625,2.2019526176154613,0.27718747,0.26098633,48,True,0.0001,512,512,128,0.5,0.0001,0.15
71,2.1484407670795918,2.1474692964553834,2.154965355992317,0.27693748,0.26879883,81,True,0.0001,512,512,128,0.5,0.0001,0.175
36,2.1924493834376335,2.194239252090454,2.200705748051405,0.2661875,0.26708984,46,True,0.0001,512,512,128,0.5,0.0001,0.2
46,2.1730355732142925,2.169191101074219,2.233727805316448,0.27725,0.26098633,56,True,0.0001,512,512,128,0.5,0.0001,0.225
44,2.1756217889487743,2.180845905303955,2.1892381384968758,0.27075,0.26904297,54,True,0.0001,512,512,128,0.5,0.0001,0.25
44,2.1831902898848057,2.161637424468994,2.2049435637891293,0.2751875,0.26416016,54,True,0.0001,512,512,128,0.5,0.0001,0.275
73,2.1457480117678642,2.130579839706421,2.1637967862188816,0.28374994,0.265625,83,True,0.0001,512,512,128,0.5,0.0001,0.3
101,2.432911366224289,2.4303884716033934,2.473496563732624,0.22149998,0.20654297,111,True,0.0001,512,512,128,0.7,0,0
68,2.475448101758957,2.4984815368652344,2.4989117681980133,0.21493745,0.21582031,78,True,0.0001,512,512,128,0.7,0,0.1
80,2.4561620727181435,2.4593136386871337,2.4627030938863754,0.21518749,0.21850586,90,True,0.0001,512,512,128,0.7,0,0.125
131,2.337699383497238,2.3204021434783937,2.345710352063179,0.22512496,0.21923828,141,True,0.0001,512,512,128,0.7,0,0.15
68,2.4749001413583755,2.469932359695435,2.4923291876912117,0.21831244,0.21972656,78,True,0.0001,512,512,128,0.7,0,0.175
94,2.404808521270752,2.378852809906006,2.420180320739746,0.21737498,0.20874023,104,True,0.0001,512,512,128,0.7,0,0.2
9,2.716854140162468,2.701589653015137,2.7270381301641464,0.19874996,0.1899414,19,True,0.0001,512,512,128,0.7,0,0.225
71,2.4211507737636566,2.4405949783325194,2.460604913532734,0.21706247,0.22485352,81,True,0.0001,512,512,128,0.7,0,0.25
75,2.4323439598083496,2.417489547729492,2.450697623193264,0.22081244,0.20581055,85,True,0.0001,512,512,128,0.7,0,0.275
37,2.5787577405571938,2.5705653800964354,2.5961626693606377,0.21124995,0.21240234,47,True,0.0001,512,512,128,0.7,0,0.3
23,2.6908775940537453,2.7129539165496825,2.7601794376969337,0.19456244,0.18896484,33,True,0.0001,512,512,128,0.7,0.001,0
141,2.3276685923337936,2.3116397495269774,2.3518667742609978,0.22706246,0.2211914,151,True,0.0001,512,512,128,0.7,0.001,0.1
26,2.6450434178113937,2.6472683238983152,2.679131828248501,0.20624995,0.20727539,36,True,0.0001,512,512,128,0.7,0.001,0.125
17,2.6908418610692024,2.6978249855041505,2.7085533663630486,0.19862497,0.1977539,27,True,0.0001,512,512,128,0.7,0.001,0.15
74,2.4509246200323105,2.4488411235809324,2.4653071090579033,0.22131246,0.21020508,84,True,0.0001,512,512,128,0.7,0.001,0.175
110,2.366717740893364,2.347372305870056,2.37929055839777,0.22231245,0.21972656,120,True,0.0001,512,512,128,0.7,0.001,0.2
20,2.653683438897133,2.6533479862213136,2.680640794336796,0.20418745,0.20336914,30,True,0.0001,512,512,128,0.7,0.001,0.225
73,2.436357982456684,2.4308560218811035,2.474482960999012,0.21762496,0.21801758,83,True,0.0001,512,512,128,0.7,0.001,0.25
67,2.4530510902404785,2.4399452323913575,2.4541662856936455,0.21887499,0.22216797,77,True,0.0001,512,512,128,0.7,0.001,0.275
63,2.457548215985298,2.442781007766724,2.4588446468114853,0.21743745,0.21972656,73,True,0.0001,512,512,128,0.7,0.001,0.3
89,2.458415612578392,2.4616047725677492,2.4830668717622757,0.21599996,0.21264648,99,True,0.0001,512,512,128,0.7,0.0001,0
75,2.4613318368792534,2.480108587265015,2.5078956857323647,0.21787494,0.21606445,85,True,0.0001,512,512,128,0.7,0.0001,0.1
50,2.5322980657219887,2.5612051277160646,2.5780223831534386,0.20849997,0.20800781,60,True,0.0001,512,512,128,0.7,0.0001,0.125
48,2.5358792319893837,2.5519103183746337,2.5411424413323402,0.21424997,0.2211914,58,True,0.0001,512,512,128,0.7,0.0001,0.15
74,2.45908759534359,2.449105480194092,2.466448523104191,0.21787494,0.21313477,84,True,0.0001,512,512,128,0.7,0.0001,0.175
56,2.486657425761223,2.5021575546264647,2.536249130964279,0.21218747,0.2084961,66,True,0.0001,512,512,128,0.7,0.0001,0.2
98,2.396435134112835,2.3592947597503664,2.4188109636306763,0.22237498,0.21411133,108,True,0.0001,512,512,128,0.7,0.0001,0.225
53,2.4889041408896446,2.4812591648101807,2.5201716274023056,0.21956247,0.20581055,63,True,0.0001,512,512,128,0.7,0.0001,0.25
19,2.670115903019905,2.6652476863861083,2.673324055969715,0.20199996,0.203125,29,True,0.0001,512,512,128,0.7,0.0001,0.275
45,2.527248039841652,2.514309118270874,2.5463659912347794,0.21662498,0.21313477,55,True,0.0001,512,512,128,0.7,0.0001,0.3
